{"v":"5.7.4","fr":60,"ip":0,"op":134,"w":320,"h":320,"nm":"Exersize","ddd":0,"assets":[],"layers":[{"ddd":0,"ind":1,"ty":3,"nm":"Null 3","parent":11,"sr":1,"ks":{"o":{"a":0,"k":0,"ix":11},"r":{"a":0,"k":0,"ix":10},"p":{"a":1,"k":[{"i":{"x":0.667,"y":1},"o":{"x":0.333,"y":0},"t":0,"s":[50,50,0],"to":[0,0,0],"ti":[0,0,0]},{"i":{"x":0.667,"y":0.667},"o":{"x":0.333,"y":0.333},"t":19,"s":[40,50,0],"to":[0,0,0],"ti":[0,0,0]},{"i":{"x":0.667,"y":1},"o":{"x":0.333,"y":0},"t":67,"s":[40,50,0],"to":[0,0,0],"ti":[0,0,0]},{"t":85,"s":[50,50,0]}],"ix":2,"l":2},"a":{"a":0,"k":[50,50,0],"ix":1,"l":2},"s":{"a":0,"k":[92,92,100],"ix":6,"l":2}},"ao":0,"ip":0,"op":180,"st":0,"bm":0},{"ddd":0,"ind":2,"ty":3,"nm":"Bounce","parent":1,"sr":1,"ks":{"o":{"a":0,"k":0,"ix":11},"r":{"a":0,"k":0,"ix":10},"p":{"a":0,"k":[96.506,140.82,0],"ix":2,"l":2},"a":{"a":0,"k":[75.362,46.871,0],"ix":1,"l":2},"s":{"a":1,"k":[{"i":{"x":[0.667,0.667,0.667],"y":[1,1,1]},"o":{"x":[0.333,0.333,0.333],"y":[0,0,0]},"t":0,"s":[97,103,100]},{"i":{"x":[0.667,0.667,0.667],"y":[1,1,1]},"o":{"x":[0.333,0.333,0.333],"y":[0,0,0]},"t":14,"s":[100,100,100]},{"i":{"x":[0.667,0.667,0.667],"y":[1,1,1]},"o":{"x":[0.333,0.333,0.333],"y":[0,0,0]},"t":38,"s":[103,97,100]},{"i":{"x":[0.667,0.667,0.667],"y":[1,1,1]},"o":{"x":[0.333,0.333,0.333],"y":[0,0,0]},"t":67,"s":[97,103,100]},{"i":{"x":[0.667,0.667,0.667],"y":[1,1,1]},"o":{"x":[0.333,0.333,0.333],"y":[0,0,0]},"t":81,"s":[100,100,100]},{"i":{"x":[0.667,0.667,0.667],"y":[1,1,1]},"o":{"x":[0.333,0.333,0.333],"y":[0,0,0]},"t":105,"s":[103,97,100]},{"t":134,"s":[97,103,100]}],"ix":6,"l":2}},"ao":0,"ip":0,"op":180,"st":0,"bm":0},{"ddd":0,"ind":3,"ty":4,"nm":"Hand","parent":8,"sr":1,"ks":{"o":{"a":0,"k":100,"ix":11},"r":{"a":0,"k":0,"ix":10},"p":{"a":0,"k":[273.539,300.855,0],"ix":2,"l":2},"a":{"a":0,"k":[273.539,300.855,0],"ix":1,"l":2},"s":{"a":0,"k":[100,100,100],"ix":6,"l":2}},"ao":0,"shapes":[{"ty":"gr","it":[{"ind":0,"ty":"sh","ix":1,"ks":{"a":1,"k":[{"i":{"x":0.667,"y":1},"o":{"x":0.333,"y":0},"t":0,"s":[{"i":[[0,0],[-2,0]],"o":[[0,0],[0,0]],"v":[[-1.5,1],[1.5,-1]],"c":false}]},{"i":{"x":0.667,"y":1},"o":{"x":0.333,"y":0},"t":18,"s":[{"i":[[0,0],[-2,0]],"o":[[0,0],[0,0]],"v":[[-1.5,1],[1.5,-1]],"c":false}]},{"i":{"x":0.078,"y":1},"o":{"x":0.333,"y":0},"t":38,"s":[{"i":[[0,0],[-2,0]],"o":[[0,0],[0,0]],"v":[[-1.5,1],[1.5,-1]],"c":false}]},{"i":{"x":0.667,"y":1},"o":{"x":0.333,"y":0},"t":67,"s":[{"i":[[0,0],[-2,0]],"o":[[0,0],[0,0]],"v":[[-1.5,1],[1.5,-1]],"c":false}]},{"i":{"x":0.667,"y":1},"o":{"x":0.333,"y":0},"t":85,"s":[{"i":[[0,0],[-2,0]],"o":[[0,0],[0,0]],"v":[[-1.5,1],[1.5,-1]],"c":false}]},{"i":{"x":0.07,"y":1},"o":{"x":0.333,"y":0},"t":105,"s":[{"i":[[0,0],[-2,0]],"o":[[0,0],[0,0]],"v":[[-1.5,1],[1.5,-1]],"c":false}]},{"t":134,"s":[{"i":[[0,0],[-2,0]],"o":[[0,0],[0,0]],"v":[[-1.5,1],[1.5,-1]],"c":false}]}],"ix":2},"nm":"Path 1","mn":"ADBE Vector Shape - Group","hd":false},{"ty":"st","c":{"a":0,"k":[0.494117647409,0.419607847929,0.992156863213,1],"ix":3},"o":{"a":0,"k":100,"ix":4},"w":{"a":0,"k":8,"ix":5},"lc":2,"lj":2,"bm":0,"nm":"Stroke 1","mn":"ADBE Vector Graphic - Stroke","hd":false},{"ty":"tr","p":{"a":0,"k":[205.741,445.063],"ix":2},"a":{"a":0,"k":[0,0],"ix":1},"s":{"a":0,"k":[100,100],"ix":3},"r":{"a":0,"k":0,"ix":6},"o":{"a":0,"k":100,"ix":7},"sk":{"a":0,"k":0,"ix":4},"sa":{"a":0,"k":0,"ix":5},"nm":"Transform"}],"nm":"Group 1","np":2,"cix":2,"bm":0,"ix":1,"mn":"ADBE Vector Group","hd":false},{"ty":"gr","it":[{"ty":"gr","it":[{"ind":0,"ty":"sh","ix":1,"ks":{"a":1,"k":[{"i":{"x":0.667,"y":1},"o":{"x":0.333,"y":0},"t":0,"s":[{"i":[[0,0],[1.339,-5.472]],"o":[[0,0],[0,0]],"v":[[3.02,-4.859],[0.342,4.331]],"c":false}]},{"i":{"x":0.667,"y":1},"o":{"x":0.333,"y":0},"t":18,"s":[{"i":[[0,0],[1.83,-5.984]],"o":[[0,0],[0,0]],"v":[[10.785,-7.761],[5.731,0.369]],"c":false}]},{"i":{"x":0.078,"y":1},"o":{"x":0.333,"y":0},"t":38,"s":[{"i":[[0,0],[4.12,-4.71]],"o":[[0,0],[0,0]],"v":[[17.557,8.604],[9.617,13.95]],"c":false}]},{"i":{"x":0.667,"y":1},"o":{"x":0.333,"y":0},"t":67,"s":[{"i":[[0,0],[1.843,-5.98]],"o":[[0,0],[0,0]],"v":[[3.936,-2.015],[-1.135,6.102]],"c":false}]},{"i":{"x":0.667,"y":1},"o":{"x":0.333,"y":0},"t":85,"s":[{"i":[[0,0],[1.339,-5.472]],"o":[[0,0],[0,0]],"v":[[3.02,-4.859],[0.342,4.331]],"c":false}]},{"i":{"x":0.07,"y":1},"o":{"x":0.333,"y":0},"t":105,"s":[{"i":[[0,0],[1.339,-5.472]],"o":[[0,0],[0,0]],"v":[[-2.355,-4.315],[-5.032,4.875]],"c":false}]},{"t":134,"s":[{"i":[[0,0],[1.339,-5.472]],"o":[[0,0],[0,0]],"v":[[3.02,-4.859],[0.342,4.331]],"c":false}]}],"ix":2},"nm":"Path 1","mn":"ADBE Vector Shape - Group","hd":false},{"ty":"st","c":{"a":0,"k":[0.494117647409,0.419607847929,0.992156863213,1],"ix":3},"o":{"a":0,"k":100,"ix":4},"w":{"a":0,"k":8,"ix":5},"lc":2,"lj":2,"bm":0,"nm":"Stroke 1","mn":"ADBE Vector Graphic - Stroke","hd":false},{"ty":"tr","p":{"a":0,"k":[237.556,322.946],"ix":2},"a":{"a":0,"k":[0,0],"ix":1},"s":{"a":0,"k":[100,100],"ix":3},"r":{"a":0,"k":0,"ix":6},"o":{"a":0,"k":100,"ix":7},"sk":{"a":0,"k":0,"ix":4},"sa":{"a":0,"k":0,"ix":5},"nm":"Transform"}],"nm":"Group 1","np":2,"cix":2,"bm":0,"ix":1,"mn":"ADBE Vector Group","hd":false},{"ty":"gr","it":[{"ind":0,"ty":"sh","ix":1,"ks":{"a":1,"k":[{"i":{"x":0.667,"y":1},"o":{"x":0.333,"y":0},"t":0,"s":[{"i":[[0,0],[-0.345,-59.791],[-4.091,-12.272],[-5.978,4.649],[-58.131,70.148]],"o":[[-1.932,33.684],[0,0],[2.909,8.727],[8.727,-6.787],[0,0]],"v":[[-21.578,-90.107],[-52.547,63.234],[-67.091,82.626],[-20.489,85.535],[63.476,-76.973]],"c":true}]},{"i":{"x":0.667,"y":1},"o":{"x":0.333,"y":0},"t":18,"s":[{"i":[[0,0],[5.186,-63.212],[-4.091,-12.272],[-4.861,5.807],[-41.246,20.902]],"o":[[-8.309,16.979],[0,0],[2.909,8.727],[20.584,-24.591],[0,0]],"v":[[-28.876,-63.07],[-52.547,63.234],[-67.091,82.626],[-19.81,87.437],[48.798,18.796]],"c":true}]},{"i":{"x":0.078,"y":1},"o":{"x":0.333,"y":0},"t":38,"s":[{"i":[[0,0],[-2.59,-57.439],[-4.091,-12.272],[-4.243,6.273],[-54.409,24.849]],"o":[[-13.714,14.752],[0,0],[2.909,8.727],[18.508,-27.361],[0,0]],"v":[[-17.071,-53.316],[-52.547,63.234],[-67.091,82.626],[-19.81,87.437],[51.51,10.081]],"c":true}]},{"i":{"x":0.667,"y":1},"o":{"x":0.333,"y":0},"t":67,"s":[{"i":[[0,0],[5.186,-63.212],[-4.091,-12.272],[-4.243,6.273],[-47.286,14.489]],"o":[[-18.205,22.748],[0,0],[2.909,8.727],[18.508,-27.361],[0,0]],"v":[[-25.616,-68.091],[-52.547,63.234],[-67.091,82.626],[-19.81,87.437],[49.829,17.204]],"c":true}]},{"i":{"x":0.667,"y":1},"o":{"x":0.333,"y":0},"t":85,"s":[{"i":[[0,0],[-0.345,-59.791],[-4.091,-12.272],[-5.978,4.649],[-58.131,70.148]],"o":[[-1.932,33.684],[0,0],[2.909,8.727],[8.727,-6.787],[0,0]],"v":[[-21.578,-90.107],[-52.547,63.234],[-67.091,82.626],[-20.489,85.535],[63.476,-76.973]],"c":true}]},{"i":{"x":0.07,"y":1},"o":{"x":0.333,"y":0},"t":105,"s":[{"i":[[0,0],[-12.088,-67.525],[-4.091,-12.272],[-5.978,4.649],[-67.412,67.439]],"o":[[-3.852,27.424],[0,0],[2.909,8.727],[8.727,-6.787],[0,0]],"v":[[-33.933,-83.515],[-52.547,63.234],[-67.091,82.626],[-20.489,85.535],[59.763,-60.523]],"c":true}]},{"t":134,"s":[{"i":[[0,0],[-0.345,-59.791],[-4.091,-12.272],[-5.978,4.649],[-58.131,70.148]],"o":[[-1.932,33.684],[0,0],[2.909,8.727],[8.727,-6.787],[0,0]],"v":[[-21.578,-90.107],[-52.547,63.234],[-67.091,82.626],[-20.489,85.535],[63.476,-76.973]],"c":true}]}],"ix":2},"nm":"Path 1","mn":"ADBE Vector Shape - Group","hd":false},{"ty":"fl","c":{"a":0,"k":[0.447058826685,0.250980407,0.992156863213,1],"ix":4},"o":{"a":0,"k":100,"ix":5},"r":1,"bm":0,"nm":"Fill 1","mn":"ADBE Vector Graphic - Fill","hd":false},{"ty":"tr","p":{"a":0,"k":[261.039,370.855],"ix":2},"a":{"a":0,"k":[0,0],"ix":1},"s":{"a":0,"k":[100,100],"ix":3},"r":{"a":0,"k":0,"ix":6},"o":{"a":0,"k":100,"ix":7},"sk":{"a":0,"k":0,"ix":4},"sa":{"a":0,"k":0,"ix":5},"nm":"Transform"}],"nm":"Group 2","np":2,"cix":2,"bm":0,"ix":2,"mn":"ADBE Vector Group","hd":false},{"ty":"tr","p":{"a":0,"k":[261.039,370.855],"ix":2},"a":{"a":0,"k":[261.039,370.855],"ix":1},"s":{"a":0,"k":[100,100],"ix":3},"r":{"a":0,"k":0,"ix":6},"o":{"a":0,"k":100,"ix":7},"sk":{"a":0,"k":0,"ix":4},"sa":{"a":0,"k":0,"ix":5},"nm":"Transform"}],"nm":"Group 2","np":2,"cix":2,"bm":0,"ix":2,"mn":"ADBE Vector Group","hd":false}],"ip":0,"op":180,"st":0,"bm":0},{"ddd":0,"ind":4,"ty":3,"nm":"Face","parent":9,"sr":1,"ks":{"o":{"a":0,"k":0,"ix":11},"r":{"a":0,"k":0,"ix":10},"p":{"a":0,"k":[141,339,0],"ix":2,"l":2},"a":{"a":0,"k":[-115,83,0],"ix":1,"l":2},"s":{"a":0,"k":[100,100,100],"ix":6,"l":2}},"ao":0,"ip":0,"op":180,"st":0,"bm":0},{"ddd":0,"ind":5,"ty":4,"nm":"Eye","parent":4,"sr":1,"ks":{"o":{"a":0,"k":100,"ix":11},"r":{"a":0,"k":0,"ix":10},"p":{"a":0,"k":[-132.06,50.27,0],"ix":2,"l":2},"a":{"a":0,"k":[123.94,306.27,0],"ix":1,"l":2},"s":{"a":0,"k":[100,100,100],"ix":6,"l":2}},"ao":0,"shapes":[{"ty":"gr","it":[{"ind":0,"ty":"sh","ix":1,"ks":{"a":1,"k":[{"i":{"x":0.667,"y":1},"o":{"x":0.167,"y":0},"t":0,"s":[{"i":[[0,0],[0,0]],"o":[[0,0],[0,0]],"v":[[3.342,7.967],[-3.342,-7.967]],"c":false}]},{"i":{"x":0.667,"y":1},"o":{"x":0.333,"y":0},"t":18,"s":[{"i":[[0,0],[0,0]],"o":[[0,0],[0,0]],"v":[[3.342,7.967],[-3.342,-7.967]],"c":false}]},{"i":{"x":0.667,"y":1},"o":{"x":0.333,"y":0},"t":38,"s":[{"i":[[0,0],[0,0]],"o":[[0,0],[0,0]],"v":[[3.342,7.967],[-3.342,-7.967]],"c":false}]},{"i":{"x":0.667,"y":1},"o":{"x":0.167,"y":0},"t":67,"s":[{"i":[[0,0],[0,0]],"o":[[0,0],[0,0]],"v":[[3.342,7.967],[-3.342,-7.967]],"c":false}]},{"i":{"x":0.667,"y":1},"o":{"x":0.167,"y":0},"t":85,"s":[{"i":[[0,0],[0,0]],"o":[[0,0],[0,0]],"v":[[3.342,7.967],[-3.342,-7.967]],"c":false}]},{"i":{"x":0.667,"y":1},"o":{"x":0.333,"y":0},"t":105,"s":[{"i":[[0,0],[0,0]],"o":[[0,0],[0,0]],"v":[[3.342,7.967],[-3.342,-7.967]],"c":false}]},{"t":134,"s":[{"i":[[0,0],[0,0]],"o":[[0,0],[0,0]],"v":[[3.342,7.967],[-3.342,-7.967]],"c":false}]}],"ix":2},"nm":"Path 1","mn":"ADBE Vector Shape - Group","hd":false},{"ty":"st","c":{"a":0,"k":[0.270588248968,0.086274512112,0.658823549747,1],"ix":3},"o":{"a":0,"k":100,"ix":4},"w":{"a":0,"k":8,"ix":5},"lc":2,"lj":2,"bm":0,"nm":"Stroke 1","mn":"ADBE Vector Graphic - Stroke","hd":false},{"ty":"tr","p":{"a":0,"k":[105.712,319.574],"ix":2},"a":{"a":0,"k":[0,0],"ix":1},"s":{"a":0,"k":[100,100],"ix":3},"r":{"a":0,"k":0,"ix":6},"o":{"a":0,"k":100,"ix":7},"sk":{"a":0,"k":0,"ix":4},"sa":{"a":0,"k":0,"ix":5},"nm":"Transform"}],"nm":"Group 1","np":2,"cix":2,"bm":0,"ix":1,"mn":"ADBE Vector Group","hd":false},{"ty":"gr","it":[{"ind":0,"ty":"sh","ix":1,"ks":{"a":1,"k":[{"i":{"x":0.667,"y":1},"o":{"x":0.167,"y":0},"t":0,"s":[{"i":[[0,0],[-11.033,40.887]],"o":[[0,0],[0,0]],"v":[[-3.513,34.184],[1.25,-34.184]],"c":false}]},{"i":{"x":0.667,"y":1},"o":{"x":0.333,"y":0},"t":18,"s":[{"i":[[0,0],[-11.033,40.887]],"o":[[0,0],[0,0]],"v":[[-3.513,34.184],[1.25,-34.184]],"c":false}]},{"i":{"x":0.667,"y":1},"o":{"x":0.333,"y":0},"t":38,"s":[{"i":[[0,0],[7.095,39.877]],"o":[[0,0],[0,0]],"v":[[-3.513,34.184],[1.25,-34.184]],"c":false}]},{"i":{"x":0.667,"y":1},"o":{"x":0.167,"y":0},"t":67,"s":[{"i":[[0,0],[-11.033,40.887]],"o":[[0,0],[0,0]],"v":[[-3.513,34.184],[1.25,-34.184]],"c":false}]},{"i":{"x":0.667,"y":1},"o":{"x":0.167,"y":0},"t":85,"s":[{"i":[[0,0],[-11.033,40.887]],"o":[[0,0],[0,0]],"v":[[-3.513,34.184],[1.25,-34.184]],"c":false}]},{"i":{"x":0.667,"y":1},"o":{"x":0.333,"y":0},"t":105,"s":[{"i":[[0,0],[7.095,39.877]],"o":[[0,0],[0,0]],"v":[[-3.513,34.184],[1.25,-34.184]],"c":false}]},{"t":134,"s":[{"i":[[0,0],[-11.033,40.887]],"o":[[0,0],[0,0]],"v":[[-3.513,34.184],[1.25,-34.184]],"c":false}]}],"ix":2},"nm":"Path 1","mn":"ADBE Vector Shape - Group","hd":false},{"ty":"st","c":{"a":0,"k":[0.270588248968,0.086274512112,0.658823549747,1],"ix":3},"o":{"a":0,"k":100,"ix":4},"w":{"a":0,"k":15,"ix":5},"lc":2,"lj":2,"bm":0,"nm":"Stroke 1","mn":"ADBE Vector Graphic - Stroke","hd":false},{"ty":"tr","p":{"a":0,"k":[141.996,309.161],"ix":2},"a":{"a":0,"k":[0,0],"ix":1},"s":{"a":0,"k":[100,100],"ix":3},"r":{"a":0,"k":0,"ix":6},"o":{"a":0,"k":100,"ix":7},"sk":{"a":0,"k":0,"ix":4},"sa":{"a":0,"k":0,"ix":5},"nm":"Transform"}],"nm":"Group 2","np":2,"cix":2,"bm":0,"ix":2,"mn":"ADBE Vector Group","hd":false},{"ty":"gr","it":[{"ind":0,"ty":"sh","ix":1,"ks":{"a":1,"k":[{"i":{"x":0.667,"y":1},"o":{"x":0.167,"y":0},"t":0,"s":[{"i":[[0,0],[-6.21,43.381]],"o":[[0,0],[0,0]],"v":[[1.238,37.076],[-3.037,-37.076]],"c":false}]},{"i":{"x":0.667,"y":1},"o":{"x":0.333,"y":0},"t":18,"s":[{"i":[[0,0],[-6.21,43.381]],"o":[[0,0],[0,0]],"v":[[1.238,37.076],[-3.037,-37.076]],"c":false}]},{"i":{"x":0.667,"y":1},"o":{"x":0.333,"y":0},"t":38,"s":[{"i":[[0,0],[10.418,41.632]],"o":[[0,0],[0,0]],"v":[[1.238,37.076],[-3.037,-37.076]],"c":false}]},{"i":{"x":0.667,"y":1},"o":{"x":0.167,"y":0},"t":67,"s":[{"i":[[0,0],[-6.21,43.381]],"o":[[0,0],[0,0]],"v":[[1.238,37.076],[-3.037,-37.076]],"c":false}]},{"i":{"x":0.667,"y":1},"o":{"x":0.167,"y":0},"t":85,"s":[{"i":[[0,0],[-6.21,43.381]],"o":[[0,0],[0,0]],"v":[[1.238,37.076],[-3.037,-37.076]],"c":false}]},{"i":{"x":0.667,"y":1},"o":{"x":0.333,"y":0},"t":105,"s":[{"i":[[0,0],[10.418,41.632]],"o":[[0,0],[0,0]],"v":[[1.238,37.076],[-3.037,-37.076]],"c":false}]},{"t":134,"s":[{"i":[[0,0],[-6.21,43.381]],"o":[[0,0],[0,0]],"v":[[1.238,37.076],[-3.037,-37.076]],"c":false}]}],"ix":2},"nm":"Path 1","mn":"ADBE Vector Shape - Group","hd":false},{"ty":"st","c":{"a":0,"k":[0.270588248968,0.086274512112,0.658823549747,1],"ix":3},"o":{"a":0,"k":100,"ix":4},"w":{"a":0,"k":15,"ix":5},"lc":2,"lj":2,"bm":0,"nm":"Stroke 1","mn":"ADBE Vector Graphic - Stroke","hd":false},{"ty":"tr","p":{"a":0,"k":[137.245,306.27],"ix":2},"a":{"a":0,"k":[0,0],"ix":1},"s":{"a":0,"k":[100,100],"ix":3},"r":{"a":0,"k":0,"ix":6},"o":{"a":0,"k":100,"ix":7},"sk":{"a":0,"k":0,"ix":4},"sa":{"a":0,"k":0,"ix":5},"nm":"Transform"}],"nm":"Group 3","np":2,"cix":2,"bm":0,"ix":3,"mn":"ADBE Vector Group","hd":false}],"ip":0,"op":180,"st":0,"bm":0},{"ddd":0,"ind":6,"ty":4,"nm":"Mouth","parent":4,"sr":1,"ks":{"o":{"a":0,"k":100,"ix":11},"r":{"a":0,"k":0,"ix":10},"p":{"a":0,"k":[-105.342,147.348,0],"ix":2,"l":2},"a":{"a":0,"k":[150.658,403.348,0],"ix":1,"l":2},"s":{"a":0,"k":[100,100,100],"ix":6,"l":2}},"ao":0,"shapes":[{"ty":"gr","it":[{"ind":0,"ty":"sh","ix":1,"ks":{"a":1,"k":[{"i":{"x":0.667,"y":1},"o":{"x":0.333,"y":0},"t":0,"s":[{"i":[[0,0],[-1.552,0.851]],"o":[[0,0],[0,0]],"v":[[-0.852,1.165],[0.852,-1.165]],"c":false}]},{"i":{"x":0.667,"y":1},"o":{"x":0.333,"y":0},"t":18,"s":[{"i":[[0,0],[-1.552,0.851]],"o":[[0,0],[0,0]],"v":[[-0.852,1.165],[0.852,-1.165]],"c":false}]},{"i":{"x":0.667,"y":1},"o":{"x":0.333,"y":0},"t":38,"s":[{"i":[[0,0],[-1.552,0.851]],"o":[[0,0],[0,0]],"v":[[-0.852,1.165],[0.852,-1.165]],"c":false}]},{"i":{"x":0.667,"y":1},"o":{"x":0.333,"y":0},"t":67,"s":[{"i":[[0,0],[-1.552,0.851]],"o":[[0,0],[0,0]],"v":[[-0.852,1.165],[0.852,-1.165]],"c":false}]},{"t":85,"s":[{"i":[[0,0],[-1.552,0.851]],"o":[[0,0],[0,0]],"v":[[-0.852,1.165],[0.852,-1.165]],"c":false}]}],"ix":2},"nm":"Path 1","mn":"ADBE Vector Shape - Group","hd":false},{"ty":"st","c":{"a":0,"k":[1,0.694117665291,0.392156869173,1],"ix":3},"o":{"a":0,"k":100,"ix":4},"w":{"a":0,"k":8,"ix":5},"lc":2,"lj":2,"bm":0,"nm":"Stroke 1","mn":"ADBE Vector Graphic - Stroke","hd":false},{"ty":"tr","p":{"a":0,"k":[136.271,404.111],"ix":2},"a":{"a":0,"k":[0,0],"ix":1},"s":{"a":0,"k":[100,100],"ix":3},"r":{"a":0,"k":0,"ix":6},"o":{"a":0,"k":100,"ix":7},"sk":{"a":0,"k":0,"ix":4},"sa":{"a":0,"k":0,"ix":5},"nm":"Transform"}],"nm":"Group 1","np":2,"cix":2,"bm":0,"ix":1,"mn":"ADBE Vector Group","hd":false},{"ty":"gr","it":[{"ind":0,"ty":"sh","ix":1,"ks":{"a":1,"k":[{"i":{"x":0.667,"y":1},"o":{"x":0.333,"y":0},"t":0,"s":[{"i":[[0,0],[0,0]],"o":[[0,0],[0,0]],"v":[[-4.337,8.455],[4.337,-8.455]],"c":false}]},{"i":{"x":0.667,"y":1},"o":{"x":0.333,"y":0},"t":18,"s":[{"i":[[0,0],[-14.684,15.979]],"o":[[0,0],[6.676,-7.265]],"v":[[-4.337,8.455],[13.208,-23.856]],"c":false}]},{"i":{"x":0.667,"y":1},"o":{"x":0.333,"y":0},"t":38,"s":[{"i":[[0,0],[0,0]],"o":[[0,0],[0,0]],"v":[[-4.337,8.455],[4.337,-8.455]],"c":false}]},{"i":{"x":0.667,"y":1},"o":{"x":0.333,"y":0},"t":67,"s":[{"i":[[0,0],[-14.684,15.979]],"o":[[0,0],[6.676,-7.265]],"v":[[-4.337,8.455],[13.208,-23.856]],"c":false}]},{"t":85,"s":[{"i":[[0,0],[0,0]],"o":[[0,0],[0,0]],"v":[[-4.337,8.455],[4.337,-8.455]],"c":false}]}],"ix":2},"nm":"Path 1","mn":"ADBE Vector Shape - Group","hd":false},{"ty":"st","c":{"a":0,"k":[0.878431379795,0.313725501299,0,1],"ix":3},"o":{"a":0,"k":100,"ix":4},"w":{"a":0,"k":8,"ix":5},"lc":2,"lj":2,"bm":0,"nm":"Stroke 1","mn":"ADBE Vector Graphic - Stroke","hd":false},{"ty":"tr","p":{"a":0,"k":[154.18,410.001],"ix":2},"a":{"a":0,"k":[0,0],"ix":1},"s":{"a":0,"k":[100,100],"ix":3},"r":{"a":0,"k":0,"ix":6},"o":{"a":0,"k":100,"ix":7},"sk":{"a":0,"k":0,"ix":4},"sa":{"a":0,"k":0,"ix":5},"nm":"Transform"}],"nm":"Group 2","np":2,"cix":2,"bm":0,"ix":2,"mn":"ADBE Vector Group","hd":false},{"ty":"gr","it":[{"ind":0,"ty":"sh","ix":1,"ks":{"a":1,"k":[{"i":{"x":0.667,"y":1},"o":{"x":0.333,"y":0},"t":0,"s":[{"i":[[3.329,-7.524],[-11.683,-1.866],[-7.146,20.433],[7.276,-1.259],[5.077,-3.002]],"o":[[-3.884,8.778],[11.166,1.783],[6.466,-18.488],[-9.743,1.686],[-4.256,2.516]],"v":[[-24.667,-4.824],[-4.327,28.895],[23.099,-3.533],[13.738,-28.924],[-5.263,-16.481]],"c":true}]},{"i":{"x":0.667,"y":1},"o":{"x":0.333,"y":0},"t":18,"s":[{"i":[[3.329,-7.524],[-11.683,-1.866],[-10.862,18.724],[5.519,4.906],[5.551,-1.993]],"o":[[-3.884,8.778],[11.166,1.783],[9.828,-16.942],[-6.532,-5.805],[-4.653,1.671]],"v":[[-24.667,-4.824],[-4.327,28.895],[27.561,-7.1],[29.396,-35.917],[1.156,-24.77]],"c":true}]},{"i":{"x":0.667,"y":1},"o":{"x":0.333,"y":0},"t":38,"s":[{"i":[[3.329,-7.524],[-11.683,-1.866],[-7.146,20.433],[7.276,-1.259],[5.077,-3.002]],"o":[[-3.884,8.778],[11.166,1.783],[6.466,-18.488],[-9.743,1.686],[-4.256,2.516]],"v":[[-24.667,-4.824],[-4.327,28.895],[23.099,-3.533],[13.738,-28.924],[-5.263,-16.481]],"c":true}]},{"i":{"x":0.667,"y":1},"o":{"x":0.333,"y":0},"t":67,"s":[{"i":[[3.329,-7.524],[-11.683,-1.866],[-10.862,18.724],[5.519,4.906],[5.551,-1.993]],"o":[[-3.884,8.778],[11.166,1.783],[9.828,-16.942],[-6.532,-5.805],[-4.653,1.671]],"v":[[-24.667,-4.824],[-4.327,28.895],[27.561,-7.1],[29.396,-35.917],[1.156,-24.77]],"c":true}]},{"t":85,"s":[{"i":[[3.329,-7.524],[-11.683,-1.866],[-7.146,20.433],[7.276,-1.259],[5.077,-3.002]],"o":[[-3.884,8.778],[11.166,1.783],[6.466,-18.488],[-9.743,1.686],[-4.256,2.516]],"v":[[-24.667,-4.824],[-4.327,28.895],[23.099,-3.533],[13.738,-28.924],[-5.263,-16.481]],"c":true}]}],"ix":2},"nm":"Path 1","mn":"ADBE Vector Shape - Group","hd":false},{"ty":"fl","c":{"a":0,"k":[0.992156863213,0.537254929543,0.007843137719,1],"ix":4},"o":{"a":0,"k":100,"ix":5},"r":1,"bm":0,"nm":"Fill 1","mn":"ADBE Vector Graphic - Fill","hd":false},{"ty":"tr","p":{"a":0,"k":[150.658,403.348],"ix":2},"a":{"a":0,"k":[0,0],"ix":1},"s":{"a":0,"k":[100,100],"ix":3},"r":{"a":0,"k":0,"ix":6},"o":{"a":0,"k":100,"ix":7},"sk":{"a":0,"k":0,"ix":4},"sa":{"a":0,"k":0,"ix":5},"nm":"Transform"}],"nm":"Group 3","np":2,"cix":2,"bm":0,"ix":3,"mn":"ADBE Vector Group","hd":false}],"ip":0,"op":180,"st":0,"bm":0},{"ddd":0,"ind":7,"ty":4,"nm":"Red","parent":4,"sr":1,"ks":{"o":{"a":0,"k":100,"ix":11},"r":{"a":0,"k":0,"ix":10},"p":{"a":0,"k":[-96.953,-7.313,0],"ix":2,"l":2},"a":{"a":0,"k":[0,0,0],"ix":1,"l":2},"s":{"a":0,"k":[100,100,100],"ix":6,"l":2}},"ao":0,"shapes":[{"ty":"gr","it":[{"ind":0,"ty":"sh","ix":1,"ks":{"a":0,"k":{"i":[[11.945,-2.588],[-10.712,1.071]],"o":[[-9.822,2.128],[10.712,-1.071]],"v":[[-1.765,-13.557],[0.991,13.69]],"c":true},"ix":2},"nm":"Path 1","mn":"ADBE Vector Shape - Group","hd":false},{"ty":"fl","c":{"a":0,"k":[0.952941179276,0.635294139385,0.850980401039,1],"ix":4},"o":{"a":0,"k":100,"ix":5},"r":1,"bm":0,"nm":"Fill 1","mn":"ADBE Vector Graphic - Fill","hd":false},{"ty":"tr","p":{"a":0,"k":[0,0],"ix":2},"a":{"a":0,"k":[0,0],"ix":1},"s":{"a":0,"k":[100,100],"ix":3},"r":{"a":0,"k":0,"ix":6},"o":{"a":0,"k":100,"ix":7},"sk":{"a":0,"k":0,"ix":4},"sa":{"a":0,"k":0,"ix":5},"nm":"Transform"}],"nm":"Group 1","np":2,"cix":2,"bm":0,"ix":1,"mn":"ADBE Vector Group","hd":false}],"ip":0,"op":180,"st":0,"bm":0},{"ddd":0,"ind":8,"ty":4,"nm":"Body","parent":2,"sr":1,"ks":{"o":{"a":0,"k":100,"ix":11},"r":{"a":0,"k":0,"ix":10},"p":{"a":0,"k":[138.805,-110.683,0],"ix":2,"l":2},"a":{"a":0,"k":[423.805,292.317,0],"ix":1,"l":2},"s":{"a":0,"k":[100,100,100],"ix":6,"l":2}},"ao":0,"shapes":[{"ty":"gr","it":[{"ind":0,"ty":"sh","ix":1,"ks":{"a":1,"k":[{"i":{"x":0.833,"y":0.833},"o":{"x":0.333,"y":0},"t":0,"s":[{"i":[[-12.947,-8.55],[-30.849,-3.781],[-4.991,19.741],[41.728,-7.445]],"o":[[12.062,7.966],[28.8,3.53],[5.013,-19.83],[-36.872,6.579]],"v":[[-56.047,5.997],[-3.517,7.299],[59.282,1.91],[-18.445,-31.985]],"c":true}]},{"i":{"x":0.667,"y":1},"o":{"x":0.167,"y":0.167},"t":9,"s":[{"i":[[2.921,-9.046],[-29.46,-19.408],[-2.752,15.409],[29.725,15.734]],"o":[[-2.978,8.509],[28.313,18.53],[4.678,-12.088],[-29.879,-16.292]],"v":[[6.665,31.123],[37.162,71.734],[96.042,75.089],[51.403,38.852]],"c":true}]},{"i":{"x":0.667,"y":1},"o":{"x":0.333,"y":0},"t":18,"s":[{"i":[[8.233,-14.657],[-37.842,13.14],[17.558,2.908],[17.326,-5.823]],"o":[[-7.983,14.212],[37.044,-12.863],[-12.159,-2.013],[-21.492,7.223]],"v":[[55.418,120.168],[106.744,145.157],[129.961,83.44],[98.952,106.974]],"c":true}]},{"i":{"x":0.059,"y":1},"o":{"x":0.333,"y":0},"t":38,"s":[{"i":[[8.557,-11.305],[-39.976,-2.385],[11.698,12.029],[18.23,1.268]],"o":[[-9.752,12.885],[39.134,2.335],[-6.134,-6.307],[-22.613,-1.573]],"v":[[44.866,102.357],[82.883,138.911],[125.357,98.633],[89.357,94.219]],"c":true}]},{"i":{"x":0.833,"y":0.833},"o":{"x":0.333,"y":0},"t":67,"s":[{"i":[[8.233,-14.657],[-37.842,13.14],[17.558,2.908],[17.326,-5.823]],"o":[[-7.983,14.212],[37.044,-12.863],[-12.159,-2.013],[-21.492,7.223]],"v":[[55.418,120.168],[106.744,145.157],[129.961,83.44],[98.952,106.974]],"c":true}]},{"i":{"x":0.667,"y":1},"o":{"x":0.167,"y":0.167},"t":76,"s":[{"i":[[2.921,-9.046],[-29.46,-19.408],[-2.752,15.409],[29.725,15.734]],"o":[[-2.978,8.509],[28.313,18.53],[4.678,-12.088],[-29.879,-16.292]],"v":[[6.665,31.123],[37.162,71.734],[96.042,75.089],[51.403,38.852]],"c":true}]},{"i":{"x":0.667,"y":1},"o":{"x":0.333,"y":0},"t":85,"s":[{"i":[[-12.947,-8.55],[-30.849,-3.781],[-4.991,19.741],[41.728,-7.445]],"o":[[12.062,7.966],[28.8,3.53],[5.013,-19.83],[-36.872,6.579]],"v":[[-56.047,5.997],[-3.517,7.299],[59.282,1.91],[-18.445,-31.985]],"c":true}]},{"i":{"x":0.06,"y":1},"o":{"x":0.333,"y":0},"t":105,"s":[{"i":[[-0.937,-8.275],[-27.586,-5.874],[-7.093,16.384],[42.208,-1.201]],"o":[[1.792,15.836],[28.328,6.032],[7.126,-16.458],[-37.297,1.061]],"v":[[-62.515,15.004],[-9.219,33.334],[53.673,33.736],[-19.767,-5.177]],"c":true}]},{"t":134,"s":[{"i":[[-12.947,-8.55],[-30.848,-3.781],[-4.991,19.741],[41.728,-7.445]],"o":[[12.062,7.966],[28.8,3.53],[5.013,-19.83],[-36.872,6.579]],"v":[[-56.047,5.997],[-3.517,7.299],[59.282,1.91],[-18.445,-31.985]],"c":true}]}],"ix":2},"nm":"Path 1","mn":"ADBE Vector Shape - Group","hd":false},{"ty":"fl","c":{"a":0,"k":[0.494117647409,0.419607847929,0.992156863213,1],"ix":4},"o":{"a":0,"k":100,"ix":5},"r":1,"bm":0,"nm":"Fill 1","mn":"ADBE Vector Graphic - Fill","hd":false},{"ty":"tr","p":{"a":0,"k":[347.182,149.728],"ix":2},"a":{"a":0,"k":[0,0],"ix":1},"s":{"a":0,"k":[100,100],"ix":3},"r":{"a":0,"k":0,"ix":6},"o":{"a":0,"k":100,"ix":7},"sk":{"a":0,"k":0,"ix":4},"sa":{"a":0,"k":0,"ix":5},"nm":"Transform"}],"nm":"Group 1","np":2,"cix":2,"bm":0,"ix":1,"mn":"ADBE Vector Group","hd":false},{"ty":"gr","it":[{"ind":0,"ty":"sh","ix":1,"ks":{"a":1,"k":[{"i":{"x":0.833,"y":0.833},"o":{"x":0.333,"y":0},"t":0,"s":[{"i":[[0,0],[-51.934,-37.57],[17.327,87.69],[45.376,31.132],[47.442,-78.396]],"o":[[82.417,-71.89],[89.357,64.643],[-7.473,-37.818],[-54.124,-37.134],[0,0]],"v":[[-136.957,151.658],[27.468,107.01],[129.105,-20.688],[60.821,-136.479],[-119.416,-85.519]],"c":false}]},{"i":{"x":0.667,"y":1},"o":{"x":0.167,"y":0.167},"t":9,"s":[{"i":[[0,0],[-65.34,-6.274],[39.943,49.935],[33.779,18.477],[74.608,-58.198]],"o":[[40.751,14.4],[130.04,4.324],[-7.376,-10.849],[-50.68,-24.852],[0,0]],"v":[[-104.693,114.736],[41.344,150.084],[126.624,-29.239],[66.22,-71.238],[-100.195,-80.329]],"c":false}]},{"i":{"x":0.667,"y":1},"o":{"x":0.333,"y":0},"t":18,"s":[{"i":[[0,0],[-59.672,7.723],[56.567,3.605],[27.598,7.162],[18.862,-0.046]],"o":[[58.487,37.463],[135.439,-17.528],[-7.279,16.119],[-24.999,-6.487],[0,0]],"v":[[-105.038,137.597],[46.249,189.645],[117.257,-47.73],[65.943,-7.291],[31.87,-31.687]],"c":false}]},{"i":{"x":0.059,"y":1},"o":{"x":0.333,"y":0},"t":38,"s":[{"i":[[0,0],[-65.979,7.283],[42.781,24.929],[24.548,2.501],[10.07,0.555]],"o":[[45.406,23.415],[153.18,-16.908],[-21.328,0.927],[-18.448,-1.879],[0,0]],"v":[[-103.191,135.818],[51.198,170.16],[146.373,-28.617],[66.661,-28.45],[30.287,-34.582]],"c":false}]},{"i":{"x":0.833,"y":0.833},"o":{"x":0.333,"y":0},"t":67,"s":[{"i":[[0,0],[-59.672,7.723],[56.567,3.605],[27.598,7.162],[18.862,-0.046]],"o":[[58.487,37.463],[135.439,-17.528],[-7.279,16.119],[-24.999,-6.487],[0,0]],"v":[[-105.038,137.597],[46.249,189.645],[117.257,-47.73],[65.943,-7.291],[31.87,-31.687]],"c":false}]},{"i":{"x":0.667,"y":1},"o":{"x":0.167,"y":0.167},"t":76,"s":[{"i":[[0,0],[-65.34,-6.274],[39.943,49.935],[33.779,18.477],[41.688,-35.644]],"o":[[40.751,14.4],[130.04,4.324],[-7.376,-10.849],[-50.68,-24.852],[0,0]],"v":[[-104.693,114.736],[41.344,150.084],[126.624,-29.239],[66.22,-71.238],[-62.695,-89.568]],"c":false}]},{"i":{"x":0.667,"y":1},"o":{"x":0.333,"y":0},"t":85,"s":[{"i":[[0,0],[-51.934,-37.57],[17.327,87.69],[45.376,31.132],[47.442,-78.396]],"o":[[82.417,-71.89],[89.357,64.643],[-7.473,-37.818],[-54.124,-37.134],[0,0]],"v":[[-136.957,151.658],[27.468,107.01],[129.105,-20.688],[60.821,-136.479],[-119.416,-85.519]],"c":false}]},{"i":{"x":0.06,"y":1},"o":{"x":0.333,"y":0},"t":105,"s":[{"i":[[0,0],[-60.064,-19.621],[17.327,87.69],[36.066,24.065],[55.823,-14.001]],"o":[[49.993,13.616],[104.836,34.246],[-7.473,-37.818],[-47.113,-31.437],[0,0]],"v":[[-121.497,82.865],[19.428,124.506],[132.467,-16.467],[75.261,-100.433],[-104.11,-123.157]],"c":false}]},{"t":134,"s":[{"i":[[0,0],[-51.934,-37.57],[17.327,87.69],[45.376,31.132],[47.442,-78.396]],"o":[[82.417,-71.89],[89.357,64.643],[-7.473,-37.818],[-54.124,-37.134],[0,0]],"v":[[-136.957,151.658],[27.468,107.01],[129.105,-20.688],[60.821,-136.479],[-119.416,-85.519]],"c":false}]}],"ix":2},"nm":"Path 1","mn":"ADBE Vector Shape - Group","hd":false},{"ty":"st","c":{"a":0,"k":[0.447058826685,0.250980407,0.992156863213,1],"ix":3},"o":{"a":0,"k":100,"ix":4},"w":{"a":0,"k":10,"ix":5},"lc":2,"lj":2,"bm":0,"nm":"Stroke 1","mn":"ADBE Vector Graphic - Stroke","hd":false},{"ty":"tr","p":{"a":0,"k":[351.805,258.317],"ix":2},"a":{"a":0,"k":[0,0],"ix":1},"s":{"a":0,"k":[100,100],"ix":3},"r":{"a":0,"k":0,"ix":6},"o":{"a":0,"k":100,"ix":7},"sk":{"a":0,"k":0,"ix":4},"sa":{"a":0,"k":0,"ix":5},"nm":"Transform"}],"nm":"Group 2","np":2,"cix":2,"bm":0,"ix":2,"mn":"ADBE Vector Group","hd":false},{"ty":"gr","it":[{"ind":0,"ty":"sh","ix":1,"ks":{"a":1,"k":[{"i":{"x":0.833,"y":0.833},"o":{"x":0.333,"y":0},"t":0,"s":[{"i":[[0,0],[0,0],[-6.322,-36.685],[2.872,-20.113],[7.996,-13.661],[48.187,26.489],[32.379,-52.87],[-25.902,91.87]],"o":[[102.954,-120.932],[12.394,20.051],[4.682,27.171],[0,0.039],[-26.555,45.37],[-48.201,-26.497],[-46.457,75.857],[0,0]],"v":[[-120.369,-88.516],[82.808,-86.505],[115.55,-4.245],[118.949,74.958],[116.125,90.439],[24.127,55.186],[-69.263,91.328],[-112.656,11.512]],"c":false}]},{"i":{"x":0.667,"y":1},"o":{"x":0.167,"y":0.167},"t":9,"s":[{"i":[[0,0],[-36.821,-10.54],[-7.054,-9.831],[9.852,-36.407],[8.449,-13.375],[60.797,22.994],[19.696,-27.691],[-29.723,66.653]],"o":[[81.851,-33.621],[24.592,13.916],[23.584,16.663],[0,0.039],[-19.754,32.208],[-66.907,-24.619],[-43.789,45.296],[0,0]],"v":[[-87.834,-81.366],[66.437,-46.023],[113.346,-12.757],[135.745,93.012],[132.106,103.467],[24.959,102.335],[-81.338,133.586],[-105.047,39.773]],"c":false}]},{"i":{"x":0.667,"y":1},"o":{"x":0.333,"y":0},"t":18,"s":[{"i":[[0,0],[-22.419,-5.241],[-7.786,17.023],[16.832,-52.7],[5.542,-9.215],[74.352,16.758],[7.013,-2.513],[-33.545,41.436]],"o":[[21.796,1.977],[36.077,8.435],[37.081,1.924],[0,0.039],[-11.871,19.739],[-86.415,-19.476],[-41.122,14.735],[0,0]],"v":[[20.862,-17.236],[51.214,8.21],[104.256,-31.208],[142.69,106.454],[136.609,117.329],[24.146,153.042],[-93.974,166.874],[-97.438,68.033]],"c":false}]},{"i":{"x":0.059,"y":1},"o":{"x":0.333,"y":0},"t":38,"s":[{"i":[[0,0],[-17.046,-1.828],[-20.508,1.165],[16.832,-51.9],[8.902,-12.891],[73.406,19.203],[7.013,-2.475],[-33.545,40.807]],"o":[[8.766,1.866],[26.565,2.849],[32.521,16.339],[0,0.038],[-12.953,18.757],[-85.613,-22.396],[-41.122,14.511],[0,0]],"v":[[19.279,-20.104],[51.788,-12.989],[133.372,-12.1],[149.74,111.939],[145.286,117.284],[25.231,141.458],[-93.974,167.418],[-97.438,70.078]],"c":false}]},{"i":{"x":0.833,"y":0.833},"o":{"x":0.333,"y":0},"t":67,"s":[{"i":[[0,0],[-22.419,-5.241],[-7.786,17.023],[16.832,-52.7],[5.542,-9.215],[74.352,16.758],[7.013,-2.513],[-33.545,41.436]],"o":[[21.796,1.977],[36.077,8.435],[37.081,1.924],[0,0.039],[-11.871,19.739],[-86.415,-19.476],[-41.122,14.735],[0,0]],"v":[[20.862,-17.236],[51.214,8.21],[104.256,-31.208],[142.69,106.454],[136.609,117.329],[24.146,153.042],[-93.974,166.874],[-97.438,68.033]],"c":false}]},{"i":{"x":0.667,"y":1},"o":{"x":0.167,"y":0.167},"t":76,"s":[{"i":[[0,0],[-36.821,-10.54],[-7.054,-9.831],[9.852,-36.407],[8.449,-13.375],[60.797,22.994],[19.696,-27.692],[-29.723,66.653]],"o":[[41.09,-9.164],[24.592,13.916],[23.584,16.663],[0,0.039],[-19.754,32.208],[-66.907,-24.619],[-43.789,45.296],[0,0]],"v":[[-50.334,-90.605],[66.437,-46.023],[113.346,-12.757],[135.745,93.012],[132.106,103.467],[24.959,102.335],[-81.338,133.586],[-105.047,39.773]],"c":false}]},{"i":{"x":0.667,"y":1},"o":{"x":0.333,"y":0},"t":85,"s":[{"i":[[0,0],[0,0],[-6.322,-36.685],[2.872,-20.113],[7.996,-13.661],[48.187,26.489],[32.379,-52.87],[-25.902,91.87]],"o":[[102.954,-120.932],[12.394,20.051],[4.682,27.171],[0,0.039],[-26.555,45.37],[-48.201,-26.497],[-46.457,75.857],[0,0]],"v":[[-120.369,-88.516],[82.808,-86.505],[115.55,-4.245],[118.949,74.958],[116.125,90.439],[24.127,55.186],[-69.263,91.328],[-112.656,11.512]],"c":false}]},{"i":{"x":0.06,"y":1},"o":{"x":0.333,"y":0},"t":105,"s":[{"i":[[0,0],[0,0],[-6.322,-36.685],[2.872,-20.113],[7.996,-13.661],[51.139,20.211],[21.425,-32.156],[-25.902,91.87]],"o":[[99.347,-24.215],[20.953,15.709],[4.682,27.171],[0,0.039],[-26.555,45.37],[-48.748,-19.266],[-40.369,60.588],[0,0]],"v":[[-95.442,-109.627],[70.014,-78.395],[118.911,-0.024],[121.751,75.485],[118.927,90.967],[23.104,83.766],[-73.979,105.621],[-112.656,11.512]],"c":false}]},{"t":134,"s":[{"i":[[0,0],[0,0],[-6.322,-36.685],[2.872,-20.113],[7.996,-13.661],[48.187,26.489],[32.379,-52.87],[-25.902,91.87]],"o":[[102.954,-120.932],[12.394,20.051],[4.682,27.171],[0,0.039],[-26.555,45.37],[-48.201,-26.497],[-46.457,75.857],[0,0]],"v":[[-120.369,-88.516],[82.808,-86.505],[115.55,-4.245],[118.949,74.958],[116.125,90.439],[24.127,55.186],[-69.263,91.328],[-112.656,11.512]],"c":false}]}],"ix":2},"nm":"Path 1","mn":"ADBE Vector Shape - Group","hd":false},{"ty":"fl","c":{"a":0,"k":[0.447058826685,0.250980407,0.992156863213,1],"ix":4},"o":{"a":0,"k":100,"ix":5},"r":1,"bm":0,"nm":"Fill 1","mn":"ADBE Vector Graphic - Fill","hd":false},{"ty":"tr","p":{"a":0,"k":[365.041,242.114],"ix":2},"a":{"a":0,"k":[0,0],"ix":1},"s":{"a":0,"k":[100,100],"ix":3},"r":{"a":0,"k":0,"ix":6},"o":{"a":0,"k":100,"ix":7},"sk":{"a":0,"k":0,"ix":4},"sa":{"a":0,"k":0,"ix":5},"nm":"Transform"}],"nm":"Group 3","np":2,"cix":2,"bm":0,"ix":3,"mn":"ADBE Vector Group","hd":false},{"ty":"gr","it":[{"ind":0,"ty":"sh","ix":1,"ks":{"a":1,"k":[{"i":{"x":0.833,"y":0.833},"o":{"x":0.333,"y":0},"t":0,"s":[{"i":[[0,0],[0,0],[56.455,29.807],[90.486,-60.114]],"o":[[111.26,-90.394],[31.666,30.019],[-110.233,-58.201],[0,0]],"v":[[-100.26,-24.524],[114.17,-24.524],[43.052,39.553],[-124.545,64.699]],"c":false}]},{"i":{"x":0.667,"y":1},"o":{"x":0.167,"y":0.167},"t":9,"s":[{"i":[[0,0],[0,0],[71.641,-0.634],[27.936,8.114]],"o":[[111.26,-90.394],[31.666,30.019],[-88.414,-8.243],[0,0]],"v":[[-92.651,3.737],[132.24,-15.693],[44.156,72.436],[-99.911,40.318]],"c":false}]},{"i":{"x":0.667,"y":1},"o":{"x":0.333,"y":0},"t":18,"s":[{"i":[[0,0],[0,0],[66.675,-8.243],[46.781,55.864]],"o":[[111.26,-90.394],[22.814,22.829],[-51.755,6.398],[0,0]],"v":[[-85.043,31.998],[139.737,-11.763],[49.075,110.502],[-108.43,46.372]],"c":false}]},{"i":{"x":0.059,"y":1},"o":{"x":0.333,"y":0},"t":38,"s":[{"i":[[0,0],[0,0],[69.956,-8.572],[46.208,29.754]],"o":[[111.26,-89.021],[31.666,29.563],[-66.641,8.166],[0,0]],"v":[[-85.043,33.151],[150.311,-5.118],[54.282,91.027],[-111.068,51.51]],"c":false}]},{"i":{"x":0.833,"y":0.833},"o":{"x":0.333,"y":0},"t":67,"s":[{"i":[[0,0],[0,0],[66.675,-8.243],[46.781,55.864]],"o":[[111.26,-90.394],[22.814,22.829],[-51.755,6.398],[0,0]],"v":[[-85.043,31.998],[139.737,-11.763],[49.075,110.502],[-108.43,46.372]],"c":false}]},{"i":{"x":0.667,"y":1},"o":{"x":0.167,"y":0.167},"t":76,"s":[{"i":[[0,0],[0,0],[71.641,-0.634],[27.936,8.114]],"o":[[111.26,-90.394],[31.666,30.019],[-88.414,-8.243],[0,0]],"v":[[-92.651,3.737],[132.24,-15.693],[44.156,72.436],[-99.911,40.318]],"c":false}]},{"i":{"x":0.667,"y":1},"o":{"x":0.333,"y":0},"t":85,"s":[{"i":[[0,0],[0,0],[56.455,29.807],[90.486,-60.114]],"o":[[111.26,-90.394],[31.666,30.019],[-110.233,-58.201],[0,0]],"v":[[-100.26,-24.524],[114.17,-24.524],[43.052,39.553],[-124.545,64.699]],"c":false}]},{"i":{"x":0.06,"y":1},"o":{"x":0.333,"y":0},"t":105,"s":[{"i":[[0,0],[0,0],[60.652,19.924],[39.545,10.982]],"o":[[111.26,-90.394],[31.666,30.019],[-80.036,-26.291],[0,0]],"v":[[-100.26,-24.524],[114.17,-24.524],[37.073,52.647],[-115.486,6.97]],"c":false}]},{"t":134,"s":[{"i":[[0,0],[0,0],[56.455,29.807],[90.486,-60.114]],"o":[[111.26,-90.394],[31.666,30.019],[-110.233,-58.201],[0,0]],"v":[[-100.26,-24.524],[114.17,-24.524],[43.052,39.553],[-124.545,64.699]],"c":false}]}],"ix":2},"nm":"Path 1","mn":"ADBE Vector Shape - Group","hd":false},{"ty":"fl","c":{"a":0,"k":[0.913725495338,0.913725495338,1,1],"ix":4},"o":{"a":0,"k":100,"ix":5},"r":1,"bm":0,"nm":"Fill 1","mn":"ADBE Vector Graphic - Fill","hd":false},{"ty":"tr","p":{"a":0,"k":[354.131,336.847],"ix":2},"a":{"a":0,"k":[0,0],"ix":1},"s":{"a":0,"k":[100,100],"ix":3},"r":{"a":0,"k":0,"ix":6},"o":{"a":0,"k":100,"ix":7},"sk":{"a":0,"k":0,"ix":4},"sa":{"a":0,"k":0,"ix":5},"nm":"Transform"}],"nm":"Group 4","np":2,"cix":2,"bm":0,"ix":4,"mn":"ADBE Vector Group","hd":false}],"ip":0,"op":180,"st":0,"bm":0},{"ddd":0,"ind":9,"ty":4,"nm":"Head","parent":8,"sr":1,"ks":{"o":{"a":0,"k":100,"ix":11},"r":{"a":1,"k":[{"i":{"x":[0.667],"y":[1]},"o":{"x":[0.333],"y":[0]},"t":0,"s":[-7]},{"i":{"x":[0.667],"y":[1]},"o":{"x":[0.333],"y":[0]},"t":18,"s":[118]},{"i":{"x":[0.078],"y":[1]},"o":{"x":[0.333],"y":[0]},"t":38,"s":[103]},{"i":{"x":[0.667],"y":[1]},"o":{"x":[0.333],"y":[0]},"t":67,"s":[122]},{"i":{"x":[0.667],"y":[1]},"o":{"x":[0.333],"y":[0]},"t":85,"s":[-7]},{"i":{"x":[0.07],"y":[1]},"o":{"x":[0.333],"y":[0]},"t":105,"s":[12]},{"t":134,"s":[-7]}],"ix":10},"p":{"a":1,"k":[{"i":{"x":0.667,"y":1},"o":{"x":0.333,"y":0},"t":0,"s":[289.872,250.644,0],"to":[0,0,0],"ti":[0,0,0]},{"i":{"x":0.667,"y":1},"o":{"x":0.333,"y":0},"t":18,"s":[252.958,325.555,0],"to":[0,0,0],"ti":[0,0,0]},{"i":{"x":0.078,"y":1},"o":{"x":0.333,"y":0},"t":38,"s":[256.219,353.816,0],"to":[0,0,0],"ti":[0,0,0]},{"i":{"x":0.667,"y":1},"o":{"x":0.333,"y":0},"t":67,"s":[252.958,325.555,0],"to":[0,0,0],"ti":[0,0,0]},{"i":{"x":0.667,"y":1},"o":{"x":0.333,"y":0},"t":85,"s":[289.872,250.644,0],"to":[0,0,0],"ti":[0,0,0]},{"i":{"x":0.07,"y":1},"o":{"x":0.333,"y":0},"t":105,"s":[276.649,245.142,0],"to":[0,0,0],"ti":[0,0,0]},{"t":134,"s":[289.872,250.644,0]}],"ix":2,"l":2},"a":{"a":0,"k":[287.741,246.207,0],"ix":1,"l":2},"s":{"a":0,"k":[100,100,100],"ix":6,"l":2}},"ao":0,"shapes":[{"ty":"gr","it":[{"ind":0,"ty":"sh","ix":1,"ks":{"a":1,"k":[{"i":{"x":0.667,"y":1},"o":{"x":0.333,"y":0},"t":0,"s":[{"i":[[7.981,1.098],[-6.9,-28.135],[-8.81,4.102],[7.099,26.937]],"o":[[-7.069,-0.972],[7.55,30.786],[9.578,-4.46],[-6.921,-26.262]],"v":[[-9.247,-45.849],[-17.113,2.513],[16.885,45.249],[2.964,-3.936]],"c":true}]},{"i":{"x":0.667,"y":1},"o":{"x":0.333,"y":0},"t":18,"s":[{"i":[[8.001,0.941],[-7.45,-27.994],[-8.727,4.274],[7.626,26.793]],"o":[[-7.087,-0.833],[8.153,30.632],[9.489,-4.647],[-7.435,-26.122]],"v":[[-12.435,-40.54],[-19.351,7.967],[15.479,50.028],[0.596,1.126]],"c":true}]},{"i":{"x":0.078,"y":1},"o":{"x":0.333,"y":0},"t":38,"s":[{"i":[[8.001,0.941],[-7.45,-27.994],[-8.727,4.274],[7.626,26.793]],"o":[[-7.087,-0.833],[8.153,30.632],[9.489,-4.647],[-7.435,-26.122]],"v":[[-12.435,-40.54],[-19.351,7.967],[15.479,50.028],[0.596,1.126]],"c":true}]},{"i":{"x":0.667,"y":1},"o":{"x":0.333,"y":0},"t":67,"s":[{"i":[[8.001,0.941],[-7.45,-27.994],[-8.727,4.274],[7.626,26.793]],"o":[[-7.087,-0.833],[8.153,30.632],[9.489,-4.647],[-7.435,-26.122]],"v":[[-12.435,-40.54],[-19.351,7.967],[15.479,50.028],[0.596,1.126]],"c":true}]},{"i":{"x":0.667,"y":1},"o":{"x":0.333,"y":0},"t":85,"s":[{"i":[[7.981,1.098],[-6.9,-28.135],[-8.81,4.102],[7.099,26.937]],"o":[[-7.069,-0.972],[7.55,30.786],[9.578,-4.46],[-6.921,-26.262]],"v":[[-9.247,-45.849],[-17.113,2.513],[16.885,45.249],[2.964,-3.936]],"c":true}]},{"i":{"x":0.07,"y":1},"o":{"x":0.333,"y":0},"t":105,"s":[{"i":[[7.981,1.098],[-6.9,-28.135],[-8.81,4.102],[7.099,26.937]],"o":[[-7.069,-0.972],[7.55,30.786],[9.578,-4.46],[-6.921,-26.262]],"v":[[-9.247,-45.849],[-17.113,2.513],[16.885,45.249],[2.964,-3.936]],"c":true}]},{"t":134,"s":[{"i":[[7.981,1.098],[-6.9,-28.135],[-8.81,4.102],[7.099,26.937]],"o":[[-7.069,-0.972],[7.55,30.786],[9.578,-4.46],[-6.921,-26.262]],"v":[[-9.247,-45.849],[-17.113,2.513],[16.885,45.249],[2.964,-3.936]],"c":true}]}],"ix":2},"nm":"Path 1","mn":"ADBE Vector Shape - Group","hd":false},{"ty":"fl","c":{"a":0,"k":[0.494117647409,0.419607847929,0.992156863213,1],"ix":4},"o":{"a":0,"k":100,"ix":5},"r":1,"bm":0,"nm":"Fill 1","mn":"ADBE Vector Graphic - Fill","hd":false},{"ty":"tr","p":{"a":0,"k":[58.138,304.772],"ix":2},"a":{"a":0,"k":[0,0],"ix":1},"s":{"a":0,"k":[100,100],"ix":3},"r":{"a":0,"k":0,"ix":6},"o":{"a":0,"k":100,"ix":7},"sk":{"a":0,"k":0,"ix":4},"sa":{"a":0,"k":0,"ix":5},"nm":"Transform"}],"nm":"Group 2","np":2,"cix":2,"bm":0,"ix":1,"mn":"ADBE Vector Group","hd":false},{"ty":"gr","it":[{"ind":0,"ty":"sh","ix":1,"ks":{"a":1,"k":[{"i":{"x":0.833,"y":0.833},"o":{"x":0.333,"y":0},"t":0,"s":[{"i":[[17.944,-74.024],[36.238,-21.424],[18.093,3.375],[23.707,30.614],[0,0],[0,0],[-49.465,-3.859]],"o":[[-17.231,71.081],[-30.462,18.009],[-30.821,-5.75],[-48.029,-62.022],[0,0],[17.656,-16.179],[74.854,5.841]],"v":[[141.842,-2.882],[75.864,118.82],[-6.419,144.049],[-96.208,93.335],[-113.796,-30.336],[-61.982,-103.375],[48.506,-144.319]],"c":true}]},{"i":{"x":0.667,"y":1},"o":{"x":0.167,"y":0.167},"t":9,"s":[{"i":[[18.095,-27.368],[50.606,-25.102],[18.093,3.375],[23.707,30.614],[0,0],[0,0],[-49.465,-3.859]],"o":[[-13.649,20.643],[-31.701,15.725],[-30.821,-5.75],[-48.029,-62.022],[0,0],[17.656,-16.179],[74.854,5.841]],"v":[[175.114,46.516],[74.15,124.855],[-7.048,145.349],[-97.328,94.696],[-117.211,-21.546],[-65.362,-100.907],[41.125,-135.281]],"c":true}]},{"i":{"x":0.833,"y":0.833},"o":{"x":0.333,"y":0},"t":18,"s":[{"i":[[26.693,-71.337],[36.238,-21.424],[18.093,3.375],[23.707,30.614],[0,0],[0,0],[-49.465,-3.859]],"o":[[-24.564,65.648],[-30.462,18.009],[-30.821,-5.75],[-48.029,-62.022],[0,0],[17.656,-16.179],[74.854,5.841]],"v":[[175.657,-10.15],[75.864,118.82],[-7.677,146.65],[-98.447,96.057],[-117.347,-25.139],[-68.743,-98.439],[33.743,-126.244]],"c":true}]},{"i":{"x":0.667,"y":1},"o":{"x":0.167,"y":0.167},"t":28,"s":[{"i":[[26.693,-71.337],[36.238,-21.424],[18.093,3.375],[23.707,30.614],[0,0],[0,0],[-49.465,-3.859]],"o":[[-24.564,65.648],[-30.462,18.009],[-30.821,-5.75],[-48.029,-62.022],[0,0],[17.656,-16.179],[74.854,5.841]],"v":[[175.657,-10.15],[75.864,118.82],[-7.677,146.65],[-98.447,96.057],[-117.347,-25.139],[-68.743,-98.439],[33.743,-126.244]],"c":true}]},{"i":{"x":0.833,"y":0.833},"o":{"x":0.333,"y":0},"t":38,"s":[{"i":[[26.693,-71.337],[36.238,-21.424],[18.093,3.375],[23.707,30.614],[0,0],[0,0],[-49.465,-3.859]],"o":[[-24.564,65.648],[-30.462,18.009],[-30.821,-5.75],[-48.029,-62.022],[0,0],[17.656,-16.179],[74.854,5.841]],"v":[[175.657,-10.15],[75.864,118.82],[-7.677,146.65],[-98.447,96.057],[-117.347,-25.139],[-68.743,-98.439],[33.743,-126.244]],"c":true}]},{"i":{"x":0.059,"y":1},"o":{"x":0.167,"y":0.167},"t":52,"s":[{"i":[[26.693,-71.337],[36.238,-21.424],[18.093,3.375],[24.838,29.704],[0,0],[0,0],[-49.465,-3.859]],"o":[[-24.564,65.648],[-30.462,18.009],[-30.821,-5.75],[-44.197,-52.856],[0,0],[17.656,-16.179],[74.854,5.841]],"v":[[175.657,-10.15],[75.864,118.82],[-7.677,146.65],[-98.447,96.057],[-118.97,-16.206],[-75.382,-93.564],[33.743,-126.244]],"c":true}]},{"i":{"x":0.833,"y":0.833},"o":{"x":0.333,"y":0},"t":67,"s":[{"i":[[26.693,-71.337],[36.238,-21.424],[18.093,3.375],[23.707,30.614],[0,0],[0,0],[-49.465,-3.859]],"o":[[-24.564,65.648],[-30.462,18.009],[-30.821,-5.75],[-48.029,-62.022],[0,0],[17.656,-16.179],[74.854,5.841]],"v":[[175.657,-10.15],[75.864,118.82],[-7.677,146.65],[-98.447,96.057],[-117.347,-25.139],[-68.743,-98.439],[33.743,-126.244]],"c":true}]},{"i":{"x":0.667,"y":1},"o":{"x":0.167,"y":0.167},"t":76,"s":[{"i":[[18.095,-27.368],[50.606,-25.102],[18.093,3.375],[23.707,30.614],[0,0],[0,0],[-49.465,-3.859]],"o":[[-13.649,20.643],[-31.702,15.725],[-30.821,-5.75],[-48.029,-62.022],[0,0],[17.656,-16.179],[74.854,5.841]],"v":[[175.114,46.516],[74.15,124.855],[-7.048,145.349],[-97.328,94.696],[-115.571,-27.737],[-65.362,-100.907],[41.125,-135.281]],"c":true}]},{"i":{"x":0.667,"y":1},"o":{"x":0.333,"y":0},"t":85,"s":[{"i":[[17.944,-74.024],[36.238,-21.424],[18.093,3.375],[23.707,30.614],[0,0],[0,0],[-49.465,-3.859]],"o":[[-17.231,71.081],[-30.462,18.009],[-30.821,-5.75],[-48.029,-62.022],[0,0],[17.656,-16.179],[74.854,5.841]],"v":[[141.842,-2.882],[75.864,118.82],[-6.419,144.049],[-96.208,93.335],[-113.796,-30.336],[-61.982,-103.375],[48.506,-144.319]],"c":true}]},{"i":{"x":0.06,"y":1},"o":{"x":0.333,"y":0},"t":105,"s":[{"i":[[17.944,-74.024],[36.238,-21.424],[18.093,3.375],[23.707,30.614],[0,0],[0,0],[-49.465,-3.859]],"o":[[-17.231,71.081],[-30.462,18.009],[-30.821,-5.75],[-48.029,-62.022],[0,0],[17.656,-16.179],[74.854,5.841]],"v":[[141.842,-2.882],[75.864,118.82],[-6.419,144.049],[-96.208,93.335],[-113.796,-30.336],[-61.982,-103.375],[48.506,-144.319]],"c":true}]},{"t":134,"s":[{"i":[[17.944,-74.024],[36.238,-21.424],[18.093,3.375],[23.707,30.614],[0,0],[0,0],[-49.465,-3.859]],"o":[[-17.231,71.081],[-30.462,18.009],[-30.821,-5.75],[-48.029,-62.022],[0,0],[17.656,-16.179],[74.854,5.841]],"v":[[141.842,-2.882],[75.864,118.82],[-6.419,144.049],[-96.208,93.335],[-113.796,-30.336],[-61.982,-103.375],[48.506,-144.319]],"c":true}]}],"ix":2},"nm":"Path 1","mn":"ADBE Vector Shape - Group","hd":false},{"ty":"st","c":{"a":0,"k":[0.447058826685,0.250980407,0.992156863213,1],"ix":3},"o":{"a":0,"k":100,"ix":4},"w":{"a":0,"k":10,"ix":5},"lc":2,"lj":2,"bm":0,"nm":"Stroke 1","mn":"ADBE Vector Graphic - Stroke","hd":false},{"ty":"tr","p":{"a":0,"k":[157.354,261.199],"ix":2},"a":{"a":0,"k":[0,0],"ix":1},"s":{"a":0,"k":[100,100],"ix":3},"r":{"a":0,"k":0,"ix":6},"o":{"a":0,"k":100,"ix":7},"sk":{"a":0,"k":0,"ix":4},"sa":{"a":0,"k":0,"ix":5},"nm":"Transform"}],"nm":"Group 5","np":2,"cix":2,"bm":0,"ix":2,"mn":"ADBE Vector Group","hd":false},{"ty":"gr","it":[{"ind":0,"ty":"sh","ix":1,"ks":{"a":1,"k":[{"i":{"x":0.833,"y":0.833},"o":{"x":0.333,"y":0},"t":0,"s":[{"i":[[0,0],[17.656,-16.179],[0,0],[-48.023,-62.023],[-27.883,-3.477],[0,0],[20.737,58.066],[-49.844,8],[21.68,-77.279],[66.178,59.439],[8.161,-3.337]],"o":[[0,0],[0,0],[0,0],[22.74,29.361],[0,0],[0,0],[-20.748,-58.097],[44.026,-7.066],[-14.965,53.344],[-82.81,-74.377],[0,0]],"v":[[-29.765,-127.144],[-71.268,-104.116],[-123.082,-31.077],[-103.844,94.097],[-18.788,143.949],[-12.705,122.731],[-93.203,48.415],[-30.157,-75.249],[62.946,42.084],[139.33,-101.583],[-29.765,-127.144]],"c":false}]},{"i":{"x":0.667,"y":1},"o":{"x":0.167,"y":0.167},"t":9,"s":[{"i":[[0,0],[17.656,-16.179],[0,0],[-48.023,-62.023],[-27.883,-3.477],[0,0],[27.356,54.76],[-49.843,8],[-34.881,-46.346],[72.933,49.483],[8.161,-3.337]],"o":[[0,0],[0,0],[0,0],[22.74,29.361],[0,0],[0,0],[-28.157,-55.98],[44.026,-7.066],[36.313,36.133],[-77.941,-55.311],[0,0]],"v":[[-29.844,-124.896],[-74.648,-101.648],[-126.498,-22.288],[-104.964,95.458],[-19.417,145.249],[-11.727,123.645],[-90.257,57.791],[-36.484,-61.641],[104.7,15.425],[125.306,-101.239],[-29.844,-124.896]],"c":false}]},{"i":{"x":0.833,"y":0.833},"o":{"x":0.333,"y":0},"t":18,"s":[{"i":[[0,0],[17.656,-16.179],[0,0],[-48.023,-62.023],[-27.883,-3.477],[0,0],[33.975,51.453],[-49.843,8],[-36.341,-30.265],[79.688,39.527],[8.161,-3.337]],"o":[[0,0],[0,0],[0,0],[22.74,29.362],[0,0],[0,0],[-35.567,-53.863],[44.027,-7.066],[53.844,44.841],[-73.071,-36.245],[0,0]],"v":[[-29.923,-122.649],[-78.029,-99.18],[-126.633,-25.88],[-106.084,96.819],[-20.046,146.549],[-10.749,124.558],[-87.31,67.168],[-42.811,-48.032],[84.391,0.804],[111.282,-100.895],[-29.923,-122.649]],"c":false}]},{"i":{"x":0.667,"y":1},"o":{"x":0.167,"y":0.167},"t":28,"s":[{"i":[[0,0],[17.656,-16.179],[0,0],[-48.023,-62.023],[-27.883,-3.477],[0,0],[33.975,51.453],[-49.843,8],[-36.341,-30.265],[79.688,39.527],[8.161,-3.337]],"o":[[0,0],[0,0],[0,0],[22.74,29.362],[0,0],[0,0],[-35.567,-53.863],[44.027,-7.066],[53.844,44.841],[-73.071,-36.245],[0,0]],"v":[[-29.923,-122.649],[-78.029,-99.18],[-126.633,-25.88],[-106.084,96.819],[-20.046,146.549],[-10.749,124.558],[-87.31,67.168],[-42.811,-48.032],[84.391,0.804],[111.282,-100.895],[-29.923,-122.649]],"c":false}]},{"i":{"x":0.833,"y":0.833},"o":{"x":0.333,"y":0},"t":38,"s":[{"i":[[0,0],[17.656,-16.179],[0,0],[-48.023,-62.023],[-27.883,-3.477],[0,0],[33.975,51.453],[-49.843,8],[-36.341,-30.265],[79.688,39.527],[8.161,-3.337]],"o":[[0,0],[0,0],[0,0],[22.74,29.362],[0,0],[0,0],[-35.567,-53.863],[44.027,-7.066],[53.844,44.841],[-73.071,-36.245],[0,0]],"v":[[-29.923,-122.649],[-78.029,-99.18],[-126.633,-25.88],[-106.084,96.819],[-20.046,146.549],[-10.749,124.558],[-87.31,67.168],[-42.811,-48.032],[84.391,0.804],[111.282,-100.895],[-29.923,-122.649]],"c":false}]},{"i":{"x":0.059,"y":1},"o":{"x":0.167,"y":0.167},"t":52,"s":[{"i":[[0,0],[17.656,-16.179],[0,0],[-46.238,-55.073],[-27.883,-3.477],[0,0],[33.975,51.453],[-49.843,8],[-36.341,-30.265],[79.688,39.527],[8.161,-3.337]],"o":[[0,0],[0,0],[0,0],[23.88,28.442],[0,0],[0,0],[-35.567,-53.863],[44.027,-7.066],[53.844,44.841],[-73.071,-36.245],[0,0]],"v":[[-29.923,-122.649],[-84.668,-94.306],[-128.257,-16.948],[-106.084,96.819],[-20.046,146.549],[-10.749,124.558],[-87.31,67.168],[-42.811,-48.032],[84.391,0.804],[111.282,-100.895],[-29.923,-122.649]],"c":false}]},{"i":{"x":0.833,"y":0.833},"o":{"x":0.333,"y":0},"t":67,"s":[{"i":[[0,0],[17.656,-16.179],[0,0],[-48.023,-62.023],[-27.883,-3.477],[0,0],[33.975,51.453],[-49.843,8],[-36.341,-30.265],[79.688,39.527],[8.161,-3.337]],"o":[[0,0],[0,0],[0,0],[22.74,29.362],[0,0],[0,0],[-35.567,-53.863],[44.027,-7.066],[53.844,44.841],[-73.071,-36.245],[0,0]],"v":[[-29.923,-122.649],[-78.029,-99.18],[-126.633,-25.88],[-106.084,96.819],[-20.046,146.549],[-10.749,124.558],[-87.31,67.168],[-42.811,-48.032],[84.391,0.804],[111.282,-100.895],[-29.923,-122.649]],"c":false}]},{"i":{"x":0.833,"y":0.833},"o":{"x":0.167,"y":0.167},"t":71,"s":[{"i":[[0,0],[17.656,-16.179],[0,0],[-48.023,-62.023],[-27.883,-3.477],[0,0],[31.989,52.446],[-49.843,8],[-46.103,-27.82],[77.66,42.515],[8.161,-3.337]],"o":[[0,0],[0,0],[0,0],[22.74,29.361],[0,0],[0,0],[-33.343,-54.498],[44.027,-7.066],[70.644,22.625],[-74.532,-41.967],[0,0]],"v":[[-29.899,-123.323],[-77.014,-99.921],[-126.1,-26.66],[-105.748,96.41],[-19.857,146.159],[-11.043,124.284],[-88.194,64.354],[-40.912,-52.116],[113.125,9.233],[115.491,-100.998],[-29.899,-123.323]],"c":false}]},{"i":{"x":0.833,"y":0.833},"o":{"x":0.167,"y":0.167},"t":76,"s":[{"i":[[0,0],[17.656,-16.179],[0,0],[-48.023,-62.023],[-27.883,-3.477],[0,0],[27.356,54.76],[-49.843,8],[-34.881,-46.346],[72.933,49.483],[8.161,-3.337]],"o":[[0,0],[0,0],[0,0],[22.74,29.361],[0,0],[0,0],[-28.157,-55.98],[44.026,-7.066],[36.313,36.133],[-77.941,-55.311],[0,0]],"v":[[-29.844,-124.896],[-74.648,-101.648],[-124.858,-28.479],[-104.964,95.458],[-19.417,145.249],[-11.727,123.645],[-90.257,57.791],[-36.484,-61.641],[109.993,18.147],[125.306,-101.239],[-29.844,-124.896]],"c":false}]},{"i":{"x":0.667,"y":1},"o":{"x":0.167,"y":0.167},"t":81,"s":[{"i":[[0,0],[17.656,-16.179],[0,0],[-48.023,-62.023],[-27.883,-3.477],[0,0],[22.724,57.074],[-49.843,8],[-5.716,-72.243],[68.205,56.451],[8.161,-3.337]],"o":[[0,0],[0,0],[0,0],[22.74,29.361],[0,0],[0,0],[-22.972,-57.462],[44.026,-7.066],[0.423,48.18],[-81.349,-68.656],[0,0]],"v":[[-29.789,-126.469],[-72.282,-103.376],[-123.615,-30.298],[-104.18,94.505],[-18.977,144.339],[-12.412,123.005],[-92.319,51.229],[-32.055,-71.166],[80.281,20.884],[135.122,-101.479],[-29.789,-126.469]],"c":false}]},{"i":{"x":0.667,"y":1},"o":{"x":0.333,"y":0},"t":85,"s":[{"i":[[0,0],[17.656,-16.179],[0,0],[-48.023,-62.023],[-27.883,-3.477],[0,0],[20.737,58.066],[-49.844,8],[21.68,-77.279],[66.178,59.439],[8.161,-3.337]],"o":[[0,0],[0,0],[0,0],[22.74,29.361],[0,0],[0,0],[-20.748,-58.097],[44.026,-7.066],[-14.965,53.344],[-82.81,-74.377],[0,0]],"v":[[-29.765,-127.144],[-71.268,-104.116],[-123.082,-31.077],[-103.844,94.097],[-18.788,143.949],[-12.705,122.731],[-93.203,48.415],[-30.157,-75.249],[62.946,42.084],[139.33,-101.583],[-29.765,-127.144]],"c":false}]},{"i":{"x":0.06,"y":1},"o":{"x":0.333,"y":0},"t":105,"s":[{"i":[[0,0],[17.656,-16.179],[0,0],[-48.023,-62.023],[-27.883,-3.477],[0,0],[20.737,58.066],[-49.844,8],[0.977,-77.904],[66.178,59.439],[8.161,-3.337]],"o":[[0,0],[0,0],[0,0],[22.74,29.361],[0,0],[0,0],[-20.748,-58.097],[44.026,-7.066],[-0.695,55.399],[-82.81,-74.377],[0,0]],"v":[[-29.765,-127.144],[-71.268,-104.116],[-123.082,-31.077],[-103.844,94.097],[-18.788,143.949],[-12.705,122.731],[-93.203,48.415],[-30.157,-75.249],[82.641,45.917],[139.33,-101.583],[-29.765,-127.144]],"c":false}]},{"t":134,"s":[{"i":[[0,0],[17.656,-16.179],[0,0],[-48.023,-62.023],[-27.883,-3.477],[0,0],[20.737,58.066],[-49.844,8],[21.68,-77.279],[66.178,59.439],[8.161,-3.337]],"o":[[0,0],[0,0],[0,0],[22.74,29.361],[0,0],[0,0],[-20.748,-58.097],[44.026,-7.066],[-14.965,53.344],[-82.81,-74.377],[0,0]],"v":[[-29.765,-127.144],[-71.268,-104.116],[-123.082,-31.077],[-103.844,94.097],[-18.788,143.949],[-12.705,122.731],[-93.203,48.415],[-30.157,-75.249],[62.946,42.084],[139.33,-101.583],[-29.765,-127.144]],"c":false}]}],"ix":2},"nm":"Path 1","mn":"ADBE Vector Shape - Group","hd":false},{"ty":"fl","c":{"a":0,"k":[0.447058826685,0.250980407,0.992156863213,1],"ix":4},"o":{"a":0,"k":100,"ix":5},"r":1,"bm":0,"nm":"Fill 1","mn":"ADBE Vector Graphic - Fill","hd":false},{"ty":"tr","p":{"a":0,"k":[166.64,261.94],"ix":2},"a":{"a":0,"k":[0,0],"ix":1},"s":{"a":0,"k":[100,100],"ix":3},"r":{"a":0,"k":0,"ix":6},"o":{"a":0,"k":100,"ix":7},"sk":{"a":0,"k":0,"ix":4},"sa":{"a":0,"k":0,"ix":5},"nm":"Transform"}],"nm":"Group 6","np":2,"cix":2,"bm":0,"ix":3,"mn":"ADBE Vector Group","hd":false},{"ty":"gr","it":[{"ind":0,"ty":"sh","ix":1,"ks":{"a":1,"k":[{"i":{"x":0.833,"y":0.833},"o":{"x":0.333,"y":0},"t":0,"s":[{"i":[[0,0],[36.243,-21.426],[34.66,46.438]],"o":[[-22.175,69.7],[40.711,-30.893],[0,0]],"v":[[15.046,-68.02],[-53.633,67.585],[-51.518,-67.585]],"c":false}]},{"i":{"x":0.667,"y":1},"o":{"x":0.167,"y":0.167},"t":9,"s":[{"i":[[0,0],[67.693,-31.718],[34.66,46.438]],"o":[[3.572,26.447],[41.163,-32.007],[0,0]],"v":[[48.082,-30.608],[-51.057,71.571],[-47.624,-74.416]],"c":false}]},{"i":{"x":0.833,"y":0.833},"o":{"x":0.333,"y":0},"t":18,"s":[{"i":[[0,0],[36.243,-21.426],[34.66,46.438]],"o":[[-22.175,69.7],[40.711,-30.893],[0,0]],"v":[[45.954,-64.311],[-53.633,67.585],[-52.263,-63.431]],"c":false}]},{"i":{"x":0.667,"y":1},"o":{"x":0.167,"y":0.167},"t":28,"s":[{"i":[[0,0],[36.243,-21.426],[34.66,46.438]],"o":[[-22.175,69.7],[40.711,-30.893],[0,0]],"v":[[45.954,-64.311],[-53.633,67.585],[-52.263,-63.431]],"c":false}]},{"i":{"x":0.833,"y":0.833},"o":{"x":0.333,"y":0},"t":38,"s":[{"i":[[0,0],[36.243,-21.426],[34.66,46.438]],"o":[[-22.175,69.7],[40.711,-30.893],[0,0]],"v":[[45.954,-64.311],[-53.633,67.585],[-52.263,-63.431]],"c":false}]},{"i":{"x":0.059,"y":1},"o":{"x":0.167,"y":0.167},"t":52,"s":[{"i":[[0,0],[36.243,-21.426],[34.66,46.438]],"o":[[-22.175,69.7],[40.711,-30.893],[0,0]],"v":[[45.954,-64.311],[-53.633,67.585],[-52.263,-63.431]],"c":false}]},{"i":{"x":0.833,"y":0.833},"o":{"x":0.333,"y":0},"t":67,"s":[{"i":[[0,0],[36.243,-21.426],[34.66,46.438]],"o":[[-22.175,69.7],[40.711,-30.893],[0,0]],"v":[[45.954,-64.311],[-53.633,67.585],[-52.263,-63.431]],"c":false}]},{"i":{"x":0.667,"y":1},"o":{"x":0.167,"y":0.167},"t":76,"s":[{"i":[[0,0],[67.693,-31.718],[34.66,46.438]],"o":[[3.572,26.447],[41.163,-32.007],[0,0]],"v":[[48.082,-30.608],[-51.057,71.571],[-47.624,-74.416]],"c":false}]},{"i":{"x":0.667,"y":1},"o":{"x":0.333,"y":0},"t":85,"s":[{"i":[[0,0],[36.243,-21.426],[34.66,46.438]],"o":[[-22.175,69.7],[40.711,-30.893],[0,0]],"v":[[15.046,-68.02],[-53.633,67.585],[-51.518,-67.585]],"c":false}]},{"i":{"x":0.06,"y":1},"o":{"x":0.333,"y":0},"t":105,"s":[{"i":[[0,0],[36.243,-21.426],[34.66,46.438]],"o":[[-22.175,69.7],[40.711,-30.893],[0,0]],"v":[[15.046,-68.02],[-53.633,67.585],[-51.518,-67.585]],"c":false}]},{"t":134,"s":[{"i":[[0,0],[36.243,-21.426],[34.66,46.438]],"o":[[-22.175,69.7],[40.711,-30.893],[0,0]],"v":[[15.046,-68.02],[-53.633,67.585],[-51.518,-67.585]],"c":false}]}],"ix":2},"nm":"Path 1","mn":"ADBE Vector Shape - Group","hd":false},{"ty":"fl","c":{"a":0,"k":[0.913725495338,0.913725495338,1,1],"ix":4},"o":{"a":0,"k":100,"ix":5},"r":1,"bm":0,"nm":"Fill 1","mn":"ADBE Vector Graphic - Fill","hd":false},{"ty":"tr","p":{"a":0,"k":[286.85,312.436],"ix":2},"a":{"a":0,"k":[0,0],"ix":1},"s":{"a":0,"k":[100,100],"ix":3},"r":{"a":0,"k":0,"ix":6},"o":{"a":0,"k":100,"ix":7},"sk":{"a":0,"k":0,"ix":4},"sa":{"a":0,"k":0,"ix":5},"nm":"Transform"}],"nm":"Group 7","np":2,"cix":2,"bm":0,"ix":4,"mn":"ADBE Vector Group","hd":false},{"ty":"gr","it":[{"ind":0,"ty":"sh","ix":1,"ks":{"a":1,"k":[{"i":{"x":0.833,"y":0.833},"o":{"x":0.333,"y":0},"t":0,"s":[{"i":[[0,0],[17.656,-16.179],[0,0],[-48.029,-62.022],[-30.821,-5.75],[-30.462,18.01],[-22.182,69.695]],"o":[[0,0],[0,0],[0,0],[23.707,30.614],[18.093,3.375],[36.238,-21.424],[0,0]],"v":[[-38.866,-133.538],[-80.369,-114.51],[-132.183,-41.471],[-114.595,82.2],[-24.806,132.914],[57.477,107.685],[126.158,-27.916]],"c":false}]},{"i":{"x":0.667,"y":1},"o":{"x":0.167,"y":0.167},"t":9,"s":[{"i":[[0,0],[17.656,-16.179],[0,0],[-48.029,-62.022],[-30.821,-5.75],[-30.462,18.009],[-14.773,23.504]],"o":[[0,0],[0,0],[0,0],[23.707,30.614],[18.093,3.375],[36.238,-21.424],[0,0]],"v":[[-38.866,-133.538],[-83.749,-112.042],[-135.598,-32.682],[-115.715,83.561],[-25.435,134.214],[60.052,111.671],[159.088,32.46]],"c":false}]},{"i":{"x":0.833,"y":0.833},"o":{"x":0.333,"y":0},"t":18,"s":[{"i":[[0,0],[17.656,-16.179],[0,0],[-48.029,-62.022],[-30.821,-5.75],[-30.462,18.01],[-22.182,69.695]],"o":[[0,0],[0,0],[0,0],[23.707,30.614],[18.093,3.375],[36.238,-21.424],[0,0]],"v":[[-38.866,-133.538],[-87.13,-109.574],[-135.734,-36.274],[-116.835,84.922],[-26.064,135.514],[57.477,107.685],[157.066,-24.207]],"c":false}]},{"i":{"x":0.667,"y":1},"o":{"x":0.167,"y":0.167},"t":28,"s":[{"i":[[0,0],[17.656,-16.179],[0,0],[-48.029,-62.022],[-30.821,-5.75],[-30.462,18.01],[-22.182,69.695]],"o":[[0,0],[0,0],[0,0],[23.707,30.614],[18.093,3.375],[36.238,-21.424],[0,0]],"v":[[-38.866,-133.538],[-87.13,-109.574],[-135.734,-36.274],[-116.835,84.922],[-26.064,135.514],[57.477,107.685],[157.066,-24.207]],"c":false}]},{"i":{"x":0.833,"y":0.833},"o":{"x":0.333,"y":0},"t":38,"s":[{"i":[[0,0],[17.656,-16.179],[0,0],[-48.029,-62.022],[-30.821,-5.75],[-30.462,18.01],[-22.182,69.695]],"o":[[0,0],[0,0],[0,0],[23.707,30.614],[18.093,3.375],[36.238,-21.424],[0,0]],"v":[[-38.866,-133.538],[-87.13,-109.574],[-135.734,-36.274],[-116.835,84.922],[-26.064,135.514],[57.477,107.685],[157.066,-24.207]],"c":false}]},{"i":{"x":0.059,"y":1},"o":{"x":0.167,"y":0.167},"t":52,"s":[{"i":[[0,0],[17.656,-16.179],[0,0],[-44.849,-54.046],[-30.821,-5.75],[-30.462,18.01],[-22.182,69.695]],"o":[[0,0],[0,0],[0,0],[24.726,29.797],[18.093,3.375],[36.238,-21.424],[0,0]],"v":[[-38.866,-133.538],[-93.769,-104.7],[-137.358,-27.341],[-116.835,84.922],[-26.064,135.514],[57.477,107.685],[157.066,-24.207]],"c":false}]},{"i":{"x":0.833,"y":0.833},"o":{"x":0.333,"y":0},"t":67,"s":[{"i":[[0,0],[17.656,-16.179],[0,0],[-48.029,-62.022],[-30.821,-5.75],[-30.462,18.01],[-22.182,69.695]],"o":[[0,0],[0,0],[0,0],[23.707,30.614],[18.093,3.375],[36.238,-21.424],[0,0]],"v":[[-38.866,-133.538],[-87.13,-109.574],[-135.734,-36.274],[-116.835,84.922],[-26.064,135.514],[57.477,107.685],[157.066,-24.207]],"c":false}]},{"i":{"x":0.667,"y":1},"o":{"x":0.167,"y":0.167},"t":76,"s":[{"i":[[0,0],[17.656,-16.179],[0,0],[-48.029,-62.022],[-30.821,-5.75],[-30.462,18.009],[-14.773,23.504]],"o":[[0,0],[0,0],[0,0],[23.707,30.614],[18.093,3.375],[36.238,-21.424],[0,0]],"v":[[-38.866,-133.538],[-83.749,-112.042],[-133.958,-38.873],[-115.715,83.561],[-25.435,134.214],[60.052,111.671],[159.088,32.46]],"c":false}]},{"i":{"x":0.667,"y":1},"o":{"x":0.333,"y":0},"t":85,"s":[{"i":[[0,0],[17.656,-16.179],[0,0],[-48.029,-62.022],[-30.821,-5.75],[-30.462,18.01],[-22.182,69.695]],"o":[[0,0],[0,0],[0,0],[23.707,30.614],[18.093,3.375],[36.238,-21.424],[0,0]],"v":[[-38.866,-133.538],[-80.369,-114.51],[-132.183,-41.471],[-114.595,82.2],[-24.806,132.914],[57.477,107.685],[126.158,-27.916]],"c":false}]},{"i":{"x":0.06,"y":1},"o":{"x":0.333,"y":0},"t":105,"s":[{"i":[[0,0],[17.656,-16.179],[0,0],[-48.029,-62.022],[-30.821,-5.75],[-30.462,18.01],[-22.182,69.695]],"o":[[0,0],[0,0],[0,0],[23.707,30.614],[18.093,3.375],[36.238,-21.424],[0,0]],"v":[[-38.866,-133.538],[-80.369,-114.51],[-132.183,-41.471],[-114.595,82.2],[-24.806,132.914],[57.477,107.685],[126.158,-27.916]],"c":false}]},{"t":134,"s":[{"i":[[0,0],[17.656,-16.179],[0,0],[-48.029,-62.022],[-30.821,-5.75],[-30.462,18.01],[-22.182,69.695]],"o":[[0,0],[0,0],[0,0],[23.707,30.614],[18.093,3.375],[36.238,-21.424],[0,0]],"v":[[-38.866,-133.538],[-80.369,-114.51],[-132.183,-41.471],[-114.595,82.2],[-24.806,132.914],[57.477,107.685],[126.158,-27.916]],"c":false}]}],"ix":2},"nm":"Path 1","mn":"ADBE Vector Shape - Group","hd":false},{"ty":"fl","c":{"a":0,"k":[1,1,1,1],"ix":4},"o":{"a":0,"k":100,"ix":5},"r":1,"bm":0,"nm":"Fill 1","mn":"ADBE Vector Graphic - Fill","hd":false},{"ty":"tr","p":{"a":0,"k":[175.741,272.334],"ix":2},"a":{"a":0,"k":[0,0],"ix":1},"s":{"a":0,"k":[100,100],"ix":3},"r":{"a":0,"k":0,"ix":6},"o":{"a":0,"k":100,"ix":7},"sk":{"a":0,"k":0,"ix":4},"sa":{"a":0,"k":0,"ix":5},"nm":"Transform"}],"nm":"Group 8","np":2,"cix":2,"bm":0,"ix":5,"mn":"ADBE Vector Group","hd":false},{"ty":"gr","it":[{"ty":"gr","it":[{"ind":0,"ty":"sh","ix":1,"ks":{"a":1,"k":[{"i":{"x":0.833,"y":0.833},"o":{"x":0.333,"y":0},"t":0,"s":[{"i":[[0,0],[-3.184,-5.784]],"o":[[0,0],[0,0]],"v":[[-1.358,-13.689],[4.992,-5.755]],"c":false}]},{"i":{"x":0.833,"y":0.833},"o":{"x":0.167,"y":0.167},"t":9,"s":[{"i":[[0,0],[-4.523,-5.059]],"o":[[0,0],[0,0]],"v":[[-25.041,-12.299],[-16.863,-6.773]],"c":false}]},{"i":{"x":0.667,"y":1},"o":{"x":0.167,"y":0.167},"t":18,"s":[{"i":[[0,0],[-2.961,-7.123]],"o":[[0,0],[0,0]],"v":[[-6.643,-19.533],[0.765,-11.319]],"c":false}]},{"i":{"x":0.833,"y":1},"o":{"x":0.333,"y":0},"t":28,"s":[{"i":[[0,0],[4.858,-5.761]],"o":[[0,0],[0,0]],"v":[[31.236,10.314],[26.753,20.031]],"c":false}]},{"i":{"x":0.667,"y":1},"o":{"x":0.167,"y":0},"t":52,"s":[{"i":[[0,0],[-2.961,-7.123]],"o":[[0,0],[0,0]],"v":[[-6.643,-19.533],[0.765,-11.319]],"c":false}]},{"i":{"x":0.667,"y":1},"o":{"x":0.333,"y":0},"t":76,"s":[{"i":[[0,0],[4.858,-5.761]],"o":[[0,0],[0,0]],"v":[[31.236,10.314],[26.753,20.031]],"c":false}]},{"i":{"x":0.667,"y":1},"o":{"x":0.333,"y":0},"t":96,"s":[{"i":[[0,0],[-3.741,-5.065]],"o":[[0,0],[0,0]],"v":[[-11.704,-13.189],[-4.832,-6.624]],"c":false}]},{"i":{"x":0.667,"y":1},"o":{"x":0.167,"y":0},"t":117,"s":[{"i":[[0,0],[2.222,-6.973]],"o":[[0,0],[0,0]],"v":[[27.67,-2.521],[31.915,8.39]],"c":false}]},{"t":134,"s":[{"i":[[0,0],[-3.184,-5.784]],"o":[[0,0],[0,0]],"v":[[-1.358,-13.689],[4.992,-5.755]],"c":false}]}],"ix":2},"nm":"Path 1","mn":"ADBE Vector Shape - Group","hd":false},{"ty":"st","c":{"a":0,"k":[0.494117647409,0.419607847929,0.992156863213,1],"ix":3},"o":{"a":0,"k":100,"ix":4},"w":{"a":0,"k":8,"ix":5},"lc":2,"lj":2,"bm":0,"nm":"Stroke 1","mn":"ADBE Vector Graphic - Stroke","hd":false},{"ty":"tr","p":{"a":0,"k":[279.134,67.485],"ix":2},"a":{"a":0,"k":[0,0],"ix":1},"s":{"a":0,"k":[100,100],"ix":3},"r":{"a":0,"k":0,"ix":6},"o":{"a":0,"k":100,"ix":7},"sk":{"a":0,"k":0,"ix":4},"sa":{"a":0,"k":0,"ix":5},"nm":"Transform"}],"nm":"Group 9","np":2,"cix":2,"bm":0,"ix":1,"mn":"ADBE Vector Group","hd":false},{"ty":"gr","it":[{"ind":0,"ty":"sh","ix":1,"ks":{"a":1,"k":[{"i":{"x":0.833,"y":0.833},"o":{"x":0.333,"y":0},"t":0,"s":[{"i":[[0,0],[4.362,-15.264]],"o":[[0,0],[0,0]],"v":[[5.449,10.974],[6.098,33.488]],"c":false}]},{"i":{"x":0.833,"y":0.833},"o":{"x":0.167,"y":0.167},"t":9,"s":[{"i":[[0,0],[-0.35,-15.256]],"o":[[0,0],[0,0]],"v":[[-15.846,-4.851],[-9.06,15.304]],"c":false}]},{"i":{"x":0.667,"y":1},"o":{"x":0.167,"y":0.167},"t":18,"s":[{"i":[[0,0],[5.167,-13.507]],"o":[[0,0],[0,0]],"v":[[2.413,4.88],[2.618,24.693]],"c":false}]},{"i":{"x":0.833,"y":1},"o":{"x":0.333,"y":0},"t":28,"s":[{"i":[[0,0],[14.259,-1.879]],"o":[[0,0],[0,0]],"v":[[12.343,47.676],[-5.105,58.367]],"c":false}]},{"i":{"x":0.667,"y":1},"o":{"x":0.167,"y":0},"t":52,"s":[{"i":[[0,0],[5.167,-13.507]],"o":[[0,0],[0,0]],"v":[[2.413,4.88],[2.618,24.693]],"c":false}]},{"i":{"x":0.667,"y":1},"o":{"x":0.333,"y":0},"t":76,"s":[{"i":[[0,0],[14.259,-1.879]],"o":[[0,0],[0,0]],"v":[[12.343,47.676],[-5.105,58.367]],"c":false}]},{"i":{"x":0.667,"y":1},"o":{"x":0.333,"y":0},"t":96,"s":[{"i":[[0,0],[1.326,-15.815]],"o":[[0,0],[0,0]],"v":[[-5.987,1.482],[-1.728,23.45]],"c":false}]},{"i":{"x":0.667,"y":1},"o":{"x":0.167,"y":0},"t":117,"s":[{"i":[[0,0],[9.486,-12.729]],"o":[[0,0],[0,0]],"v":[[19.124,25.493],[11.755,46.778]],"c":false}]},{"t":134,"s":[{"i":[[0,0],[4.362,-15.264]],"o":[[0,0],[0,0]],"v":[[5.449,10.974],[6.098,33.488]],"c":false}]}],"ix":2},"nm":"Path 1","mn":"ADBE Vector Shape - Group","hd":false},{"ty":"st","c":{"a":0,"k":[0.494117647409,0.419607847929,0.992156863213,1],"ix":3},"o":{"a":0,"k":100,"ix":4},"w":{"a":0,"k":8,"ix":5},"lc":2,"lj":2,"bm":0,"nm":"Stroke 1","mn":"ADBE Vector Graphic - Stroke","hd":false},{"ty":"tr","p":{"a":0,"k":[321.422,72.91],"ix":2},"a":{"a":0,"k":[0,0],"ix":1},"s":{"a":0,"k":[100,100],"ix":3},"r":{"a":0,"k":0,"ix":6},"o":{"a":0,"k":100,"ix":7},"sk":{"a":0,"k":0,"ix":4},"sa":{"a":0,"k":0,"ix":5},"nm":"Transform"}],"nm":"Group 10","np":2,"cix":2,"bm":0,"ix":2,"mn":"ADBE Vector Group","hd":false},{"ty":"gr","it":[{"ind":0,"ty":"sh","ix":1,"ks":{"a":1,"k":[{"i":{"x":0.833,"y":0.833},"o":{"x":0.333,"y":0},"t":0,"s":[{"i":[[0,0],[20.447,22.502],[0,0],[21.917,0.476],[0,0]],"o":[[0,0],[-12.423,-13.671],[0,0],[-16.537,-0.359],[0,0]],"v":[[18,62.874],[32.455,-4.966],[-1.401,5.704],[-23.744,-35.058],[-40.954,-3.908]],"c":false}]},{"i":{"x":0.833,"y":0.833},"o":{"x":0.167,"y":0.167},"t":9,"s":[{"i":[[0,0],[24.243,14.466],[0,0],[18.644,-7.534],[0,0]],"o":[[0,0],[-16.245,-9.641],[0,0],[-14.286,5.773],[0,0]],"v":[[17.112,55.851],[8.874,-21.496],[-16.984,-0.067],[-48.562,-31.465],[-53.067,3.593]],"c":false}]},{"i":{"x":0.667,"y":1},"o":{"x":0.167,"y":0.167},"t":18,"s":[{"i":[[0,0],[21.216,21.436],[0,0],[22.528,-2.187],[0,0]],"o":[[0,0],[-16.041,-16.207],[0,0],[-17.617,1.71],[0,0]],"v":[[12.667,57.113],[29.444,-11.49],[-5.702,0.654],[-29.337,-39.692],[-44.605,-7.581]],"c":false}]},{"i":{"x":0.833,"y":1},"o":{"x":0.333,"y":0},"t":28,"s":[{"i":[[0,0],[0.131,26.467],[0,0],[12.911,18.447],[0,0]],"o":[[0,0],[-0.122,-24.664],[0,0],[-10.096,-14.425],[0,0]],"v":[[2.289,59.335],[44.236,36.916],[-1.097,12.496],[15.237,-11.297],[-46.471,-12.363]],"c":false}]},{"i":{"x":0.667,"y":1},"o":{"x":0.167,"y":0},"t":52,"s":[{"i":[[0,0],[21.216,21.436],[0,0],[22.528,-2.187],[0,0]],"o":[[0,0],[-16.041,-16.207],[0,0],[-17.617,1.71],[0,0]],"v":[[12.667,57.113],[29.444,-11.49],[-5.702,0.654],[-29.337,-39.692],[-44.605,-7.581]],"c":false}]},{"i":{"x":0.667,"y":1},"o":{"x":0.333,"y":0},"t":76,"s":[{"i":[[0,0],[0.131,26.467],[0,0],[12.911,18.447],[0,0]],"o":[[0,0],[-0.122,-24.664],[0,0],[-10.096,-14.425],[0,0]],"v":[[2.289,59.335],[44.236,36.916],[-1.097,12.496],[15.237,-11.297],[-46.471,-12.363]],"c":false}]},{"i":{"x":0.667,"y":1},"o":{"x":0.333,"y":0},"t":96,"s":[{"i":[[0,0],[21.627,18.153],[0,0],[19.308,-3.741],[0,0]],"o":[[0,0],[-13.14,-11.029],[0,0],[-14.568,2.823],[0,0]],"v":[[18.115,54.481],[19.681,-14.862],[-8.275,2.109],[-34.558,-33.598],[-44.553,0.272]],"c":false}]},{"i":{"x":0.667,"y":1},"o":{"x":0.167,"y":0},"t":117,"s":[{"i":[[0,0],[11.151,28.285],[0,0],[8.976,11.602],[0,0]],"o":[[0,0],[-6.775,-17.185],[0,0],[-13.688,-17.693],[0,0]],"v":[[10.582,69.23],[48.131,10.909],[10.071,7.056],[18.883,-18.412],[-39.608,-6.442]],"c":false}]},{"t":134,"s":[{"i":[[0,0],[20.447,22.502],[0,0],[21.917,0.476],[0,0]],"o":[[0,0],[-12.423,-13.671],[0,0],[-16.537,-0.359],[0,0]],"v":[[18,62.874],[32.455,-4.966],[-1.401,5.704],[-23.744,-35.058],[-40.954,-3.908]],"c":false}]}],"ix":2},"nm":"Path 1","mn":"ADBE Vector Shape - Group","hd":false},{"ty":"st","c":{"a":0,"k":[0.447058826685,0.250980407,0.992156863213,1],"ix":3},"o":{"a":0,"k":100,"ix":4},"w":{"a":0,"k":10,"ix":5},"lc":2,"lj":2,"bm":0,"nm":"Stroke 1","mn":"ADBE Vector Graphic - Stroke","hd":false},{"ty":"fl","c":{"a":0,"k":[0.447058826685,0.250980407,0.992156863213,1],"ix":4},"o":{"a":0,"k":100,"ix":5},"r":1,"bm":0,"nm":"Fill 1","mn":"ADBE Vector Graphic - Fill","hd":false},{"ty":"tr","p":{"a":0,"k":[297.12,82.708],"ix":2},"a":{"a":0,"k":[0,0],"ix":1},"s":{"a":0,"k":[100,100],"ix":3},"r":{"a":0,"k":0,"ix":6},"o":{"a":0,"k":100,"ix":7},"sk":{"a":0,"k":0,"ix":4},"sa":{"a":0,"k":0,"ix":5},"nm":"Transform"}],"nm":"Group 11","np":3,"cix":2,"bm":0,"ix":3,"mn":"ADBE Vector Group","hd":false},{"ty":"tr","p":{"a":0,"k":[40.312,190.028],"ix":2},"a":{"a":0,"k":[297.12,82.708],"ix":1},"s":{"a":0,"k":[100,100],"ix":3},"r":{"a":0,"k":-103,"ix":6},"o":{"a":0,"k":100,"ix":7},"sk":{"a":0,"k":0,"ix":4},"sa":{"a":0,"k":0,"ix":5},"nm":"Transform"}],"nm":"Group 9","np":3,"cix":2,"bm":0,"ix":6,"mn":"ADBE Vector Group","hd":false}],"ip":0,"op":180,"st":0,"bm":0},{"ddd":0,"ind":10,"ty":4,"nm":"Leg","parent":8,"sr":1,"ks":{"o":{"a":0,"k":100,"ix":11},"r":{"a":0,"k":0,"ix":10},"p":{"a":1,"k":[{"i":{"x":0.667,"y":1},"o":{"x":0.333,"y":0},"t":0,"s":[439.456,390.546,0],"to":[0,0,0],"ti":[0,0,0]},{"i":{"x":0.667,"y":1},"o":{"x":0.333,"y":0},"t":18,"s":[483.478,407.937,0],"to":[0,0,0],"ti":[0,0,0]},{"i":{"x":0.667,"y":0.667},"o":{"x":0.333,"y":0.333},"t":38,"s":[483.478,407.937,0],"to":[0,0,0],"ti":[0,0,0]},{"i":{"x":0.667,"y":1},"o":{"x":0.333,"y":0},"t":67,"s":[483.478,407.937,0],"to":[0,0,0],"ti":[0,0,0]},{"i":{"x":0.667,"y":0.667},"o":{"x":0.167,"y":0.167},"t":85,"s":[439.456,390.546,0],"to":[0,0,0],"ti":[0,0,0]},{"i":{"x":0.667,"y":0.667},"o":{"x":0.167,"y":0.167},"t":105,"s":[439.456,390.546,0],"to":[0,0,0],"ti":[0,0,0]},{"t":134,"s":[439.456,390.546,0]}],"ix":2,"l":2},"a":{"a":0,"k":[439.456,390.546,0],"ix":1,"l":2},"s":{"a":0,"k":[100,100,100],"ix":6,"l":2}},"ao":0,"shapes":[{"ty":"gr","it":[{"ind":0,"ty":"sh","ix":1,"ks":{"a":0,"k":{"i":[[0,0],[0,0]],"o":[[0,0],[0,0]],"v":[[-0.945,-1.454],[0.945,1.454]],"c":false},"ix":2},"nm":"Path 1","mn":"ADBE Vector Shape - Group","hd":false},{"ty":"st","c":{"a":0,"k":[1,0.694117665291,0.392156869173,1],"ix":3},"o":{"a":0,"k":100,"ix":4},"w":{"a":0,"k":8,"ix":5},"lc":2,"lj":2,"bm":0,"nm":"Stroke 1","mn":"ADBE Vector Graphic - Stroke","hd":false},{"ty":"tr","p":{"a":0,"k":[487.946,400.865],"ix":2},"a":{"a":0,"k":[0,0],"ix":1},"s":{"a":0,"k":[100,100],"ix":3},"r":{"a":0,"k":0,"ix":6},"o":{"a":0,"k":100,"ix":7},"sk":{"a":0,"k":0,"ix":4},"sa":{"a":0,"k":0,"ix":5},"nm":"Transform"}],"nm":"Group 1","np":2,"cix":2,"bm":0,"ix":1,"mn":"ADBE Vector Group","hd":false},{"ty":"gr","it":[{"ind":0,"ty":"sh","ix":1,"ks":{"a":0,"k":{"i":[[0,0],[0,0]],"o":[[0,0],[0,0]],"v":[[-0.472,-0.97],[0.472,0.97]],"c":false},"ix":2},"nm":"Path 1","mn":"ADBE Vector Shape - Group","hd":false},{"ty":"st","c":{"a":0,"k":[1,0.694117665291,0.392156869173,1],"ix":3},"o":{"a":0,"k":100,"ix":4},"w":{"a":0,"k":8,"ix":5},"lc":2,"lj":2,"bm":0,"nm":"Stroke 1","mn":"ADBE Vector Graphic - Stroke","hd":false},{"ty":"tr","p":{"a":0,"k":[475.194,415.894],"ix":2},"a":{"a":0,"k":[0,0],"ix":1},"s":{"a":0,"k":[100,100],"ix":3},"r":{"a":0,"k":0,"ix":6},"o":{"a":0,"k":100,"ix":7},"sk":{"a":0,"k":0,"ix":4},"sa":{"a":0,"k":0,"ix":5},"nm":"Transform"}],"nm":"Group 2","np":2,"cix":2,"bm":0,"ix":2,"mn":"ADBE Vector Group","hd":false},{"ty":"gr","it":[{"ind":0,"ty":"sh","ix":1,"ks":{"a":0,"k":{"i":[[0,0],[-17.697,-3.633],[0,0],[-12.28,1.939],[0,0],[-3.778,13.575],[12.425,0],[8.844,27.619]],"o":[[0,0],[14.169,2.909],[0,0],[12.28,-1.939],[0,0],[3.779,-13.574],[-11.335,0],[0,0]],"v":[[-48.117,-11.967],[-24.131,25.135],[-0.515,16.408],[17.433,31.922],[25.71,16.117],[41.993,9.621],[14.599,-32.072],[-17.848,-33.527]],"c":true},"ix":2},"nm":"Path 1","mn":"ADBE Vector Shape - Group","hd":false},{"ty":"gf","o":{"a":0,"k":100,"ix":10},"r":1,"bm":0,"g":{"p":3,"k":{"a":0,"k":[0,0.992,0.537,0.008,0.5,0.935,0.425,0.004,1,0.878,0.314,0],"ix":9}},"s":{"a":0,"k":[6.044,-1.546],"ix":5},"e":{"a":0,"k":[-37.702,-11.267],"ix":6},"t":1,"nm":"Gradient Fill 1","mn":"ADBE Vector Graphic - G-Fill","hd":false},{"ty":"tr","p":{"a":0,"k":[462.956,397.546],"ix":2},"a":{"a":0,"k":[0,0],"ix":1},"s":{"a":0,"k":[100,100],"ix":3},"r":{"a":0,"k":0,"ix":6},"o":{"a":0,"k":100,"ix":7},"sk":{"a":0,"k":0,"ix":4},"sa":{"a":0,"k":0,"ix":5},"nm":"Transform"}],"nm":"Group 3","np":2,"cix":2,"bm":0,"ix":3,"mn":"ADBE Vector Group","hd":false}],"ip":0,"op":180,"st":0,"bm":0},{"ddd":0,"ind":11,"ty":3,"nm":"Primary Null 1","sr":1,"ks":{"o":{"a":0,"k":0,"ix":11},"r":{"a":0,"k":0,"ix":10},"p":{"a":0,"k":[182.581,244.788,0],"ix":2,"l":2},"a":{"a":0,"k":[50,50,0],"ix":1,"l":2},"s":{"a":0,"k":[62,62,100],"ix":6,"l":2}},"ao":0,"ip":0,"op":180,"st":0,"bm":0}],"markers":[]}