{"v":"5.7.4","fr":60,"ip":0,"op":94,"w":320,"h":320,"nm":"Happy","ddd":0,"assets":[],"layers":[{"ddd":0,"ind":1,"ty":3,"nm":"Floor","parent":14,"sr":1,"ks":{"o":{"a":0,"k":0,"ix":11},"r":{"a":0,"k":0,"ix":10},"p":{"a":0,"k":[50,50,0],"ix":2,"l":2},"a":{"a":0,"k":[-41,5,0],"ix":1,"l":2},"s":{"a":1,"k":[{"i":{"x":[0.667,0.667,0.667],"y":[1,1,1]},"o":{"x":[0.333,0.333,0.333],"y":[0,0,0]},"t":0,"s":[96,104,100]},{"i":{"x":[0.667,0.667,0.667],"y":[1,1,1]},"o":{"x":[0.333,0.333,0.333],"y":[0,0,0]},"t":11.271,"s":[104,96,100]},{"i":{"x":[0.667,0.667,0.667],"y":[1,1,1]},"o":{"x":[0.333,0.333,0.333],"y":[0,0,0]},"t":22.541,"s":[96,104,100]},{"i":{"x":[0.667,0.667,0.667],"y":[1,1,1]},"o":{"x":[0.333,0.333,0.333],"y":[0,0,0]},"t":33.814,"s":[104,96,100]},{"i":{"x":[0.667,0.667,0.667],"y":[1,1,1]},"o":{"x":[0.333,0.333,0.333],"y":[0,0,0]},"t":46.695,"s":[96,104,100]},{"i":{"x":[0.667,0.667,0.667],"y":[1,1,1]},"o":{"x":[0.333,0.333,0.333],"y":[0,0,0]},"t":57.967,"s":[104,96,100]},{"i":{"x":[0.667,0.667,0.667],"y":[1,1,1]},"o":{"x":[0.333,0.333,0.333],"y":[0,0,0]},"t":69.238,"s":[96,104,100]},{"i":{"x":[0.667,0.667,0.667],"y":[1,1,1]},"o":{"x":[0.333,0.333,0.333],"y":[0,0,0]},"t":80.508,"s":[104,96,100]},{"t":93.388671875,"s":[96,104,100]}],"ix":6,"l":2}},"ao":0,"ip":0,"op":180,"st":0,"bm":0},{"ddd":0,"ind":2,"ty":4,"nm":"Wave 5","parent":1,"sr":1,"ks":{"o":{"a":0,"k":100,"ix":11},"r":{"a":0,"k":7,"ix":10},"p":{"a":0,"k":[146.141,-199.098,0],"ix":2,"l":2},"a":{"a":0,"k":[0,0,0],"ix":1,"l":2},"s":{"a":0,"k":[-100,100,100],"ix":6,"l":2}},"ao":0,"shapes":[{"ty":"gr","it":[{"ind":0,"ty":"sh","ix":1,"ks":{"a":0,"k":{"i":[[0,0],[-42.495,-42.607]],"o":[[0,0],[0,0]],"v":[[-11.428,-58.945],[14.577,58.945]],"c":false},"ix":2},"nm":"Path 1","mn":"ADBE Vector Shape - Group","hd":false},{"ty":"st","c":{"a":0,"k":[0.874509811401,0.86274510622,0.988235294819,1],"ix":3},"o":{"a":0,"k":100,"ix":4},"w":{"a":0,"k":8,"ix":5},"lc":2,"lj":2,"bm":0,"nm":"Stroke 1","mn":"ADBE Vector Graphic - Stroke","hd":false},{"ty":"tm","s":{"a":1,"k":[{"i":{"x":[0.833],"y":[0.833]},"o":{"x":[0.167],"y":[0.167]},"t":11.271,"s":[0]},{"i":{"x":[0.833],"y":[0.833]},"o":{"x":[0.167],"y":[0.167]},"t":20.932,"s":[0]},{"i":{"x":[0.833],"y":[0.833]},"o":{"x":[0.167],"y":[0.167]},"t":30.594,"s":[100]},{"i":{"x":[0.833],"y":[0.833]},"o":{"x":[0.167],"y":[0.167]},"t":35.422,"s":[0]},{"i":{"x":[0.833],"y":[0.833]},"o":{"x":[0.167],"y":[0.167]},"t":45.086,"s":[0]},{"i":{"x":[0.833],"y":[0.833]},"o":{"x":[0.167],"y":[0.167]},"t":54.746,"s":[100]},{"i":{"x":[0.833],"y":[0.833]},"o":{"x":[0.167],"y":[0.167]},"t":59.578,"s":[0]},{"i":{"x":[0.833],"y":[0.833]},"o":{"x":[0.167],"y":[0.167]},"t":69.238,"s":[0]},{"i":{"x":[0.833],"y":[0.833]},"o":{"x":[0.167],"y":[0.167]},"t":78.898,"s":[100]},{"i":{"x":[0.833],"y":[0.833]},"o":{"x":[0.167],"y":[0.167]},"t":83.729,"s":[0]},{"t":93.388671875,"s":[0]}],"ix":1},"e":{"a":1,"k":[{"i":{"x":[0.833],"y":[0.833]},"o":{"x":[0.167],"y":[0.167]},"t":11.271,"s":[0]},{"i":{"x":[0.833],"y":[0.833]},"o":{"x":[0.167],"y":[0.167]},"t":22.541,"s":[100]},{"i":{"x":[0.833],"y":[0.833]},"o":{"x":[0.167],"y":[0.167]},"t":30.594,"s":[100]},{"i":{"x":[0.833],"y":[0.833]},"o":{"x":[0.167],"y":[0.167]},"t":35.422,"s":[0]},{"i":{"x":[0.833],"y":[0.833]},"o":{"x":[0.167],"y":[0.167]},"t":46.695,"s":[100]},{"i":{"x":[0.833],"y":[0.833]},"o":{"x":[0.167],"y":[0.167]},"t":54.746,"s":[100]},{"i":{"x":[0.833],"y":[0.833]},"o":{"x":[0.167],"y":[0.167]},"t":59.578,"s":[0]},{"i":{"x":[0.833],"y":[0.833]},"o":{"x":[0.167],"y":[0.167]},"t":70.848,"s":[100]},{"i":{"x":[0.833],"y":[0.833]},"o":{"x":[0.167],"y":[0.167]},"t":78.898,"s":[100]},{"i":{"x":[0.833],"y":[0.833]},"o":{"x":[0.167],"y":[0.167]},"t":83.729,"s":[0]},{"t":93.78125,"s":[100]}],"ix":2},"o":{"a":0,"k":0,"ix":3},"m":1,"ix":3,"nm":"Trim Paths 1","mn":"ADBE Vector Filter - Trim","hd":false},{"ty":"tr","p":{"a":0,"k":[0,0],"ix":2},"a":{"a":0,"k":[0,0],"ix":1},"s":{"a":0,"k":[100,100],"ix":3},"r":{"a":0,"k":0,"ix":6},"o":{"a":0,"k":100,"ix":7},"sk":{"a":0,"k":0,"ix":4},"sa":{"a":0,"k":0,"ix":5},"nm":"Transform"}],"nm":"Group 1","np":3,"cix":2,"bm":0,"ix":1,"mn":"ADBE Vector Group","hd":false},{"ty":"gr","it":[{"ind":0,"ty":"sh","ix":1,"ks":{"a":0,"k":{"i":[[0,0],[-15.541,-20.296]],"o":[[0,0],[0,0]],"v":[[18.998,-18.169],[35.169,30.669]],"c":false},"ix":2},"nm":"Path 1","mn":"ADBE Vector Shape - Group","hd":false},{"ty":"st","c":{"a":0,"k":[0.874509811401,0.86274510622,0.988235294819,1],"ix":3},"o":{"a":0,"k":100,"ix":4},"w":{"a":0,"k":8,"ix":5},"lc":2,"lj":2,"bm":0,"nm":"Stroke 1","mn":"ADBE Vector Graphic - Stroke","hd":false},{"ty":"tm","s":{"a":1,"k":[{"i":{"x":[0.833],"y":[0.833]},"o":{"x":[0.167],"y":[0.167]},"t":0,"s":[100]},{"i":{"x":[0.833],"y":[0.833]},"o":{"x":[0.167],"y":[0.167]},"t":9.66,"s":[0]},{"i":{"x":[0.833],"y":[0.833]},"o":{"x":[0.167],"y":[0.167]},"t":19.322,"s":[0]},{"i":{"x":[0.833],"y":[0.833]},"o":{"x":[0.167],"y":[0.167]},"t":24.152,"s":[100]},{"i":{"x":[0.833],"y":[0.833]},"o":{"x":[0.167],"y":[0.167]},"t":33.814,"s":[0]},{"i":{"x":[0.833],"y":[0.833]},"o":{"x":[0.167],"y":[0.167]},"t":43.475,"s":[0]},{"i":{"x":[0.833],"y":[0.833]},"o":{"x":[0.167],"y":[0.167]},"t":48.305,"s":[100]},{"i":{"x":[0.833],"y":[0.833]},"o":{"x":[0.167],"y":[0.167]},"t":57.967,"s":[0]},{"i":{"x":[0.833],"y":[0.833]},"o":{"x":[0.167],"y":[0.167]},"t":67.627,"s":[0]},{"i":{"x":[0.833],"y":[0.833]},"o":{"x":[0.167],"y":[0.167]},"t":72.459,"s":[100]},{"i":{"x":[0.833],"y":[0.833]},"o":{"x":[0.167],"y":[0.167]},"t":82.119,"s":[0]},{"t":91.779296875,"s":[0]}],"ix":1},"e":{"a":1,"k":[{"i":{"x":[0.833],"y":[0.833]},"o":{"x":[0.167],"y":[0.167]},"t":0,"s":[100]},{"i":{"x":[0.833],"y":[0.833]},"o":{"x":[0.167],"y":[0.167]},"t":8.051,"s":[100]},{"i":{"x":[0.833],"y":[0.833]},"o":{"x":[0.167],"y":[0.167]},"t":19.322,"s":[0]},{"i":{"x":[0.833],"y":[0.833]},"o":{"x":[0.167],"y":[0.167]},"t":24.152,"s":[100]},{"i":{"x":[0.833],"y":[0.833]},"o":{"x":[0.167],"y":[0.167]},"t":32.205,"s":[100]},{"i":{"x":[0.833],"y":[0.833]},"o":{"x":[0.167],"y":[0.167]},"t":43.475,"s":[0]},{"i":{"x":[0.833],"y":[0.833]},"o":{"x":[0.167],"y":[0.167]},"t":48.305,"s":[100]},{"i":{"x":[0.833],"y":[0.833]},"o":{"x":[0.167],"y":[0.167]},"t":56.355,"s":[100]},{"i":{"x":[0.833],"y":[0.833]},"o":{"x":[0.167],"y":[0.167]},"t":67.627,"s":[0]},{"i":{"x":[0.833],"y":[0.833]},"o":{"x":[0.167],"y":[0.167]},"t":72.459,"s":[100]},{"i":{"x":[0.833],"y":[0.833]},"o":{"x":[0.167],"y":[0.167]},"t":80.508,"s":[100]},{"t":91.779296875,"s":[0]}],"ix":2},"o":{"a":0,"k":0,"ix":3},"m":1,"ix":3,"nm":"Trim Paths 1","mn":"ADBE Vector Filter - Trim","hd":false},{"ty":"tr","p":{"a":0,"k":[0,0],"ix":2},"a":{"a":0,"k":[0,0],"ix":1},"s":{"a":0,"k":[100,100],"ix":3},"r":{"a":0,"k":0,"ix":6},"o":{"a":0,"k":100,"ix":7},"sk":{"a":0,"k":0,"ix":4},"sa":{"a":0,"k":0,"ix":5},"nm":"Transform"}],"nm":"Group 2","np":3,"cix":2,"bm":0,"ix":2,"mn":"ADBE Vector Group","hd":false}],"ip":0,"op":180,"st":0,"bm":0},{"ddd":0,"ind":3,"ty":4,"nm":"Wave 4","parent":1,"sr":1,"ks":{"o":{"a":0,"k":100,"ix":11},"r":{"a":0,"k":7,"ix":10},"p":{"a":0,"k":[-253.859,-199.098,0],"ix":2,"l":2},"a":{"a":0,"k":[0,0,0],"ix":1,"l":2},"s":{"a":0,"k":[100,100,100],"ix":6,"l":2}},"ao":0,"shapes":[{"ty":"gr","it":[{"ind":0,"ty":"sh","ix":1,"ks":{"a":0,"k":{"i":[[0,0],[-42.495,-42.607]],"o":[[0,0],[0,0]],"v":[[-11.428,-58.945],[14.577,58.945]],"c":false},"ix":2},"nm":"Path 1","mn":"ADBE Vector Shape - Group","hd":false},{"ty":"st","c":{"a":0,"k":[0.874509811401,0.86274510622,0.988235294819,1],"ix":3},"o":{"a":0,"k":100,"ix":4},"w":{"a":0,"k":8,"ix":5},"lc":2,"lj":2,"bm":0,"nm":"Stroke 1","mn":"ADBE Vector Graphic - Stroke","hd":false},{"ty":"tm","s":{"a":1,"k":[{"i":{"x":[0.833],"y":[0.833]},"o":{"x":[0.167],"y":[0.167]},"t":11.271,"s":[0]},{"i":{"x":[0.833],"y":[0.833]},"o":{"x":[0.167],"y":[0.167]},"t":20.932,"s":[0]},{"i":{"x":[0.833],"y":[0.833]},"o":{"x":[0.167],"y":[0.167]},"t":30.594,"s":[100]},{"i":{"x":[0.833],"y":[0.833]},"o":{"x":[0.167],"y":[0.167]},"t":35.422,"s":[0]},{"i":{"x":[0.833],"y":[0.833]},"o":{"x":[0.167],"y":[0.167]},"t":45.086,"s":[0]},{"i":{"x":[0.833],"y":[0.833]},"o":{"x":[0.167],"y":[0.167]},"t":54.746,"s":[100]},{"i":{"x":[0.833],"y":[0.833]},"o":{"x":[0.167],"y":[0.167]},"t":59.578,"s":[0]},{"i":{"x":[0.833],"y":[0.833]},"o":{"x":[0.167],"y":[0.167]},"t":69.238,"s":[0]},{"i":{"x":[0.833],"y":[0.833]},"o":{"x":[0.167],"y":[0.167]},"t":78.898,"s":[100]},{"i":{"x":[0.833],"y":[0.833]},"o":{"x":[0.167],"y":[0.167]},"t":83.729,"s":[0]},{"t":93.388671875,"s":[0]}],"ix":1},"e":{"a":1,"k":[{"i":{"x":[0.833],"y":[0.833]},"o":{"x":[0.167],"y":[0.167]},"t":11.271,"s":[0]},{"i":{"x":[0.833],"y":[0.833]},"o":{"x":[0.167],"y":[0.167]},"t":22.541,"s":[100]},{"i":{"x":[0.833],"y":[0.833]},"o":{"x":[0.167],"y":[0.167]},"t":30.594,"s":[100]},{"i":{"x":[0.833],"y":[0.833]},"o":{"x":[0.167],"y":[0.167]},"t":35.422,"s":[0]},{"i":{"x":[0.833],"y":[0.833]},"o":{"x":[0.167],"y":[0.167]},"t":46.695,"s":[100]},{"i":{"x":[0.833],"y":[0.833]},"o":{"x":[0.167],"y":[0.167]},"t":54.746,"s":[100]},{"i":{"x":[0.833],"y":[0.833]},"o":{"x":[0.167],"y":[0.167]},"t":59.578,"s":[0]},{"i":{"x":[0.833],"y":[0.833]},"o":{"x":[0.167],"y":[0.167]},"t":70.848,"s":[100]},{"i":{"x":[0.833],"y":[0.833]},"o":{"x":[0.167],"y":[0.167]},"t":78.898,"s":[100]},{"i":{"x":[0.833],"y":[0.833]},"o":{"x":[0.167],"y":[0.167]},"t":83.729,"s":[0]},{"t":95,"s":[100]}],"ix":2},"o":{"a":0,"k":0,"ix":3},"m":1,"ix":3,"nm":"Trim Paths 1","mn":"ADBE Vector Filter - Trim","hd":false},{"ty":"tr","p":{"a":0,"k":[0,0],"ix":2},"a":{"a":0,"k":[0,0],"ix":1},"s":{"a":0,"k":[100,100],"ix":3},"r":{"a":0,"k":0,"ix":6},"o":{"a":0,"k":100,"ix":7},"sk":{"a":0,"k":0,"ix":4},"sa":{"a":0,"k":0,"ix":5},"nm":"Transform"}],"nm":"Group 1","np":3,"cix":2,"bm":0,"ix":1,"mn":"ADBE Vector Group","hd":false},{"ty":"gr","it":[{"ind":0,"ty":"sh","ix":1,"ks":{"a":0,"k":{"i":[[0,0],[-15.541,-20.296]],"o":[[0,0],[0,0]],"v":[[18.998,-18.169],[35.169,30.669]],"c":false},"ix":2},"nm":"Path 1","mn":"ADBE Vector Shape - Group","hd":false},{"ty":"st","c":{"a":0,"k":[0.874509811401,0.86274510622,0.988235294819,1],"ix":3},"o":{"a":0,"k":100,"ix":4},"w":{"a":0,"k":8,"ix":5},"lc":2,"lj":2,"bm":0,"nm":"Stroke 1","mn":"ADBE Vector Graphic - Stroke","hd":false},{"ty":"tm","s":{"a":1,"k":[{"i":{"x":[0.833],"y":[0.833]},"o":{"x":[0.167],"y":[0.167]},"t":0,"s":[100]},{"i":{"x":[0.833],"y":[0.833]},"o":{"x":[0.167],"y":[0.167]},"t":9.66,"s":[0]},{"i":{"x":[0.833],"y":[0.833]},"o":{"x":[0.167],"y":[0.167]},"t":19.322,"s":[0]},{"i":{"x":[0.833],"y":[0.833]},"o":{"x":[0.167],"y":[0.167]},"t":24.152,"s":[100]},{"i":{"x":[0.833],"y":[0.833]},"o":{"x":[0.167],"y":[0.167]},"t":33.814,"s":[0]},{"i":{"x":[0.833],"y":[0.833]},"o":{"x":[0.167],"y":[0.167]},"t":43.475,"s":[0]},{"i":{"x":[0.833],"y":[0.833]},"o":{"x":[0.167],"y":[0.167]},"t":48.305,"s":[100]},{"i":{"x":[0.833],"y":[0.833]},"o":{"x":[0.167],"y":[0.167]},"t":57.967,"s":[0]},{"i":{"x":[0.833],"y":[0.833]},"o":{"x":[0.167],"y":[0.167]},"t":67.627,"s":[0]},{"i":{"x":[0.833],"y":[0.833]},"o":{"x":[0.167],"y":[0.167]},"t":72.459,"s":[100]},{"i":{"x":[0.833],"y":[0.833]},"o":{"x":[0.167],"y":[0.167]},"t":82.119,"s":[0]},{"t":91.779296875,"s":[0]}],"ix":1},"e":{"a":1,"k":[{"i":{"x":[0.833],"y":[0.833]},"o":{"x":[0.167],"y":[0.167]},"t":0,"s":[100]},{"i":{"x":[0.833],"y":[0.833]},"o":{"x":[0.167],"y":[0.167]},"t":8.051,"s":[100]},{"i":{"x":[0.833],"y":[0.833]},"o":{"x":[0.167],"y":[0.167]},"t":19.322,"s":[0]},{"i":{"x":[0.833],"y":[0.833]},"o":{"x":[0.167],"y":[0.167]},"t":24.152,"s":[100]},{"i":{"x":[0.833],"y":[0.833]},"o":{"x":[0.167],"y":[0.167]},"t":32.205,"s":[100]},{"i":{"x":[0.833],"y":[0.833]},"o":{"x":[0.167],"y":[0.167]},"t":43.475,"s":[0]},{"i":{"x":[0.833],"y":[0.833]},"o":{"x":[0.167],"y":[0.167]},"t":48.305,"s":[100]},{"i":{"x":[0.833],"y":[0.833]},"o":{"x":[0.167],"y":[0.167]},"t":56.355,"s":[100]},{"i":{"x":[0.833],"y":[0.833]},"o":{"x":[0.167],"y":[0.167]},"t":67.627,"s":[0]},{"i":{"x":[0.833],"y":[0.833]},"o":{"x":[0.167],"y":[0.167]},"t":72.459,"s":[100]},{"i":{"x":[0.833],"y":[0.833]},"o":{"x":[0.167],"y":[0.167]},"t":80.508,"s":[100]},{"t":91.779296875,"s":[0]}],"ix":2},"o":{"a":0,"k":0,"ix":3},"m":1,"ix":3,"nm":"Trim Paths 1","mn":"ADBE Vector Filter - Trim","hd":false},{"ty":"tr","p":{"a":0,"k":[0,0],"ix":2},"a":{"a":0,"k":[0,0],"ix":1},"s":{"a":0,"k":[100,100],"ix":3},"r":{"a":0,"k":0,"ix":6},"o":{"a":0,"k":100,"ix":7},"sk":{"a":0,"k":0,"ix":4},"sa":{"a":0,"k":0,"ix":5},"nm":"Transform"}],"nm":"Group 2","np":3,"cix":2,"bm":0,"ix":2,"mn":"ADBE Vector Group","hd":false}],"ip":0,"op":180,"st":0,"bm":0},{"ddd":0,"ind":4,"ty":3,"nm":"Face","parent":11,"sr":1,"ks":{"o":{"a":0,"k":0,"ix":11},"r":{"a":1,"k":[{"i":{"x":[0.667],"y":[1]},"o":{"x":[0.333],"y":[0]},"t":0,"s":[0]},{"i":{"x":[0.667],"y":[1]},"o":{"x":[0.333],"y":[0]},"t":22.541,"s":[-8]},{"i":{"x":[0.667],"y":[1]},"o":{"x":[0.333],"y":[0]},"t":46.695,"s":[-8]},{"i":{"x":[0.667],"y":[1]},"o":{"x":[0.167],"y":[0]},"t":69.238,"s":[0]},{"t":93.388671875,"s":[0]}],"ix":10},"p":{"a":1,"k":[{"i":{"x":0.667,"y":1},"o":{"x":0.333,"y":0},"t":0,"s":[213,172,0],"to":[0,0,0],"ti":[0,0,0]},{"i":{"x":0.667,"y":1},"o":{"x":0.333,"y":0},"t":22.541,"s":[295.03,153.131,0],"to":[0,0,0],"ti":[0,0,0]},{"i":{"x":0.667,"y":1},"o":{"x":0.333,"y":0},"t":46.695,"s":[295.03,153.131,0],"to":[0,0,0],"ti":[0,0,0]},{"i":{"x":0.667,"y":0.667},"o":{"x":0.167,"y":0.167},"t":69.238,"s":[213,172,0],"to":[0,0,0],"ti":[0,0,0]},{"t":93.388671875,"s":[213,172,0]}],"ix":2,"l":2},"a":{"a":0,"k":[0,0,0],"ix":1,"l":2},"s":{"a":0,"k":[100,100,100],"ix":6,"l":2}},"ao":0,"ip":0,"op":180,"st":0,"bm":0},{"ddd":0,"ind":5,"ty":4,"nm":"cheek","parent":4,"sr":1,"ks":{"o":{"a":0,"k":100,"ix":11},"r":{"a":0,"k":0,"ix":10},"p":{"a":0,"k":[8.588,-12.012,0],"ix":2,"l":2},"a":{"a":0,"k":[221.588,159.988,0],"ix":1,"l":2},"s":{"a":0,"k":[100,100,100],"ix":6,"l":2}},"ao":0,"shapes":[{"ty":"gr","it":[{"ind":0,"ty":"sh","ix":1,"ks":{"a":1,"k":[{"i":{"x":0.667,"y":1},"o":{"x":0.333,"y":0},"t":0,"s":[{"i":[[1.326,12.15],[0.053,-10.765]],"o":[[-1.09,-9.991],[-0.053,10.765]],"v":[[13.67,-0.356],[-13.715,-0.46]],"c":true}]},{"i":{"x":0.667,"y":1},"o":{"x":0.333,"y":0},"t":22.541,"s":[{"i":[[3.022,11.842],[-1.462,-10.666]],"o":[[-2.485,-9.738],[1.462,10.666]],"v":[[-19.23,1.598],[-46.357,5.347]],"c":true}]},{"i":{"x":0.667,"y":1},"o":{"x":0.333,"y":0},"t":46.695,"s":[{"i":[[3.022,11.842],[-1.462,-10.666]],"o":[[-2.485,-9.738],[1.462,10.666]],"v":[[-19.23,1.598],[-46.357,5.347]],"c":true}]},{"t":69.23828125,"s":[{"i":[[1.326,12.15],[0.053,-10.765]],"o":[[-1.09,-9.991],[-0.053,10.765]],"v":[[13.67,-0.356],[-13.715,-0.46]],"c":true}]}],"ix":2},"nm":"Path 1","mn":"ADBE Vector Shape - Group","hd":false},{"ty":"fl","c":{"a":0,"k":[0.952941179276,0.635294139385,0.850980401039,1],"ix":4},"o":{"a":0,"k":100,"ix":5},"r":1,"bm":0,"nm":"Fill 1","mn":"ADBE Vector Graphic - Fill","hd":false},{"ty":"tr","p":{"a":0,"k":[98.438,181.011],"ix":2},"a":{"a":0,"k":[0,0],"ix":1},"s":{"a":0,"k":[100,100],"ix":3},"r":{"a":0,"k":0,"ix":6},"o":{"a":0,"k":100,"ix":7},"sk":{"a":0,"k":0,"ix":4},"sa":{"a":0,"k":0,"ix":5},"nm":"Transform"}],"nm":"Group 1","np":2,"cix":2,"bm":0,"ix":1,"mn":"ADBE Vector Group","hd":false},{"ty":"gr","it":[{"ind":0,"ty":"sh","ix":1,"ks":{"a":1,"k":[{"i":{"x":0.667,"y":1},"o":{"x":0.333,"y":0},"t":0,"s":[{"i":[[4.256,11.457],[-2.58,-10.452]],"o":[[-3.5,-9.421],[2.58,10.452]],"v":[[13.163,-3.651],[-13.417,2.942]],"c":true}]},{"i":{"x":0.667,"y":1},"o":{"x":0.333,"y":0},"t":22.541,"s":[{"i":[[5.968,10.665],[-4.158,-9.93]],"o":[[-4.908,-8.77],[4.158,9.93]],"v":[[-20.294,3.796],[-45.543,14.401]],"c":true}]},{"i":{"x":0.667,"y":1},"o":{"x":0.333,"y":0},"t":46.695,"s":[{"i":[[5.968,10.665],[-4.158,-9.93]],"o":[[-4.908,-8.77],[4.158,9.93]],"v":[[-20.294,3.796],[-45.543,14.401]],"c":true}]},{"t":69.23828125,"s":[{"i":[[4.256,11.457],[-2.58,-10.452]],"o":[[-3.5,-9.421],[2.58,10.452]],"v":[[13.163,-3.651],[-13.417,2.942]],"c":true}]}],"ix":2},"nm":"Path 1","mn":"ADBE Vector Shape - Group","hd":false},{"ty":"fl","c":{"a":0,"k":[0.952941179276,0.635294139385,0.850980401039,1],"ix":4},"o":{"a":0,"k":100,"ix":5},"r":1,"bm":0,"nm":"Fill 1","mn":"ADBE Vector Graphic - Fill","hd":false},{"ty":"tr","p":{"a":0,"k":[344.855,139.241],"ix":2},"a":{"a":0,"k":[0,0],"ix":1},"s":{"a":0,"k":[100,100],"ix":3},"r":{"a":0,"k":0,"ix":6},"o":{"a":0,"k":100,"ix":7},"sk":{"a":0,"k":0,"ix":4},"sa":{"a":0,"k":0,"ix":5},"nm":"Transform"}],"nm":"Group 2","np":2,"cix":2,"bm":0,"ix":2,"mn":"ADBE Vector Group","hd":false}],"ip":0,"op":180,"st":0,"bm":0},{"ddd":0,"ind":6,"ty":4,"nm":"Mouth","parent":4,"sr":1,"ks":{"o":{"a":0,"k":100,"ix":11},"r":{"a":0,"k":0,"ix":10},"p":{"a":0,"k":[-2.502,22.13,0],"ix":2,"l":2},"a":{"a":0,"k":[210.498,194.13,0],"ix":1,"l":2},"s":{"a":0,"k":[100,100,100],"ix":6,"l":2}},"ao":0,"shapes":[{"ty":"gr","it":[{"ind":0,"ty":"sh","ix":1,"ks":{"a":1,"k":[{"i":{"x":0.667,"y":1},"o":{"x":0.333,"y":0},"t":0,"s":[{"i":[[0,0],[-1.973,-0.933]],"o":[[0,0],[0,0]],"v":[[-1.973,0.207],[1.973,0.207]],"c":false}]},{"i":{"x":0.667,"y":1},"o":{"x":0.333,"y":0},"t":22.541,"s":[{"i":[[0,0],[-2.118,-0.53]],"o":[[0,0],[0,0]],"v":[[11.206,14.747],[15.076,13.977]],"c":false}]},{"i":{"x":0.667,"y":1},"o":{"x":0.333,"y":0},"t":37,"s":[{"i":[[0,0],[-2.118,-0.53]],"o":[[0,0],[0,0]],"v":[[8.593,0.347],[12.464,-0.424]],"c":false}]},{"i":{"x":0.667,"y":1},"o":{"x":0.333,"y":0},"t":46.695,"s":[{"i":[[0,0],[-2.118,-0.53]],"o":[[0,0],[0,0]],"v":[[8.593,0.347],[12.464,-0.424]],"c":false}]},{"i":{"x":0.667,"y":1},"o":{"x":0.167,"y":0},"t":69.238,"s":[{"i":[[0,0],[-1.973,-0.933]],"o":[[0,0],[0,0]],"v":[[2.449,12.93],[6.396,12.93]],"c":false}]},{"i":{"x":0.667,"y":1},"o":{"x":0.167,"y":0},"t":83,"s":[{"i":[[0,0],[-1.973,-0.933]],"o":[[0,0],[0,0]],"v":[[-1.973,0.207],[1.973,0.207]],"c":false}]},{"t":93.388671875,"s":[{"i":[[0,0],[-1.973,-0.933]],"o":[[0,0],[0,0]],"v":[[-1.973,0.207],[1.973,0.207]],"c":false}]}],"ix":2},"nm":"Path 1","mn":"ADBE Vector Shape - Group","hd":false},{"ty":"st","c":{"a":0,"k":[1,0.694117665291,0.392156869173,1],"ix":3},"o":{"a":0,"k":100,"ix":4},"w":{"a":0,"k":8,"ix":5},"lc":2,"lj":2,"bm":0,"nm":"Stroke 1","mn":"ADBE Vector Graphic - Stroke","hd":false},{"ty":"tr","p":{"a":0,"k":[199.092,160.741],"ix":2},"a":{"a":0,"k":[0,0],"ix":1},"s":{"a":0,"k":[100,100],"ix":3},"r":{"a":0,"k":0,"ix":6},"o":{"a":0,"k":100,"ix":7},"sk":{"a":0,"k":0,"ix":4},"sa":{"a":0,"k":0,"ix":5},"nm":"Transform"}],"nm":"Group 1","np":2,"cix":2,"bm":0,"ix":1,"mn":"ADBE Vector Group","hd":false},{"ty":"gr","it":[{"ind":0,"ty":"sh","ix":1,"ks":{"a":1,"k":[{"i":{"x":0.667,"y":1},"o":{"x":0.333,"y":0},"t":0,"s":[{"i":[[-14.27,-2.53],[3.17,-5.28],[6.26,-0.68],[1.34,1.68],[0,0.01]],"o":[[-3.11,3.94],[-7.09,11.82],[-1.87,0.21],[-0.01,-0.01],[-5.76,-22.8]],"v":[[14.284,-17.428],[4.093,-3.478],[-8.506,17.722],[-13.216,15.312],[-13.227,15.292]],"c":true}]},{"i":{"x":0.667,"y":1},"o":{"x":0.333,"y":0},"t":11.271,"s":[{"i":[[-17.288,-8.513],[1.623,-5.941],[6.26,-0.68],[0.961,1.125],[5.969,6.626]],"o":[[-3.11,3.94],[-0.569,2.081],[-1.87,0.21],[-4.899,-5.736],[-0.745,-0.827]],"v":[[4.605,-7.368],[-2.4,14.043],[-7.952,18.903],[-13.216,15.312],[-26.768,-3.651]],"c":true}]},{"i":{"x":0.667,"y":1},"o":{"x":0.333,"y":0},"t":22.541,"s":[{"i":[[-0.575,-16.078],[0.479,-0.357],[3.427,0.427],[1.424,0.931],[-0.002,0.003]],"o":[[-0.396,0.481],[-1.022,0.761],[-1.406,-0.175],[-5.011,-3.278],[1.813,-5.317]],"v":[[-4.797,-3.495],[-6.779,-2.051],[-13.241,-0.999],[-19.485,-2.976],[-36.363,-7.451]],"c":true}]},{"i":{"x":0.667,"y":1},"o":{"x":0.333,"y":0},"t":37,"s":[{"i":[[-2.398,-20.031],[0.283,-0.97],[4.035,2.18],[2.184,3.214],[0,0.01]],"o":[[-0.11,1.372],[-0.605,2.07],[-1.656,-0.895],[-7.687,-11.316],[16.857,-8.114]],"v":[[-1.266,12.972],[-2.461,16.889],[-8.818,18.462],[-16.977,10.817],[-38.445,-7.185]],"c":true}]},{"i":{"x":0.667,"y":1},"o":{"x":0.333,"y":0},"t":46.695,"s":[{"i":[[-2.398,-20.031],[0.283,-0.97],[4.035,2.18],[2.184,3.214],[0,0.01]],"o":[[-0.11,1.372],[-0.605,2.07],[-1.656,-0.895],[-7.687,-11.316],[16.857,-8.114]],"v":[[-1.266,12.972],[-2.461,16.889],[-8.818,18.462],[-16.977,10.817],[-38.445,-7.185]],"c":true}]},{"i":{"x":0.667,"y":1},"o":{"x":0.333,"y":0},"t":57.967,"s":[{"i":[[-17.288,-8.513],[1.623,-5.941],[6.26,-0.68],[0.961,1.125],[5.969,6.626]],"o":[[-3.11,3.94],[-0.569,2.081],[-1.87,0.21],[-4.899,-5.736],[-0.745,-0.827]],"v":[[4.605,-7.368],[-2.4,14.043],[-7.952,18.903],[-13.216,15.312],[-26.768,-3.651]],"c":true}]},{"i":{"x":0.667,"y":1},"o":{"x":0.167,"y":0},"t":69.238,"s":[{"i":[[-5.986,-4.307],[2.983,-1.921],[6.202,-0.872],[1.386,0.363],[0,0.003]],"o":[[-2.967,1.511],[-6.673,4.298],[-1.853,0.26],[-0.01,-0.002],[-12.475,-14.619]],"v":[[12.582,-18.522],[2.894,-13.257],[-8.96,-5.56],[-13.72,-5.787],[-13.731,-5.792]],"c":true}]},{"i":{"x":0.667,"y":1},"o":{"x":0.167,"y":0},"t":83,"s":[{"i":[[-14.27,-2.53],[3.17,-5.28],[6.26,-0.68],[1.34,1.68],[0,0.01]],"o":[[-3.11,3.94],[-7.09,11.82],[-1.87,0.21],[-0.01,-0.01],[-5.76,-22.8]],"v":[[14.284,-17.428],[4.093,-3.478],[-8.506,17.722],[-13.216,15.312],[-13.227,15.292]],"c":true}]},{"t":93.388671875,"s":[{"i":[[-14.27,-2.53],[3.17,-5.28],[6.26,-0.68],[1.34,1.68],[0,0.01]],"o":[[-3.11,3.94],[-7.09,11.82],[-1.87,0.21],[-0.01,-0.01],[-5.76,-22.8]],"v":[[14.284,-17.428],[4.093,-3.478],[-8.506,17.722],[-13.216,15.312],[-13.227,15.292]],"c":true}]}],"ix":2},"nm":"Path 1","mn":"ADBE Vector Shape - Group","hd":false},{"ty":"fl","c":{"a":0,"k":[0.878431379795,0.313725501299,0,1],"ix":4},"o":{"a":0,"k":100,"ix":5},"r":1,"bm":0,"nm":"Fill 1","mn":"ADBE Vector Graphic - Fill","hd":false},{"ty":"tr","p":{"a":0,"k":[221.337,205.708],"ix":2},"a":{"a":0,"k":[0,0],"ix":1},"s":{"a":0,"k":[100,100],"ix":3},"r":{"a":0,"k":0,"ix":6},"o":{"a":0,"k":100,"ix":7},"sk":{"a":0,"k":0,"ix":4},"sa":{"a":0,"k":0,"ix":5},"nm":"Transform"}],"nm":"Group 2","np":2,"cix":2,"bm":0,"ix":2,"mn":"ADBE Vector Group","hd":false},{"ty":"gr","it":[{"ind":0,"ty":"sh","ix":1,"ks":{"a":1,"k":[{"i":{"x":0.667,"y":1},"o":{"x":0.333,"y":0},"t":0,"s":[{"i":[[-0.644,6.445],[-16.43,-1.893],[-2.793,-3.76],[7.089,-11.816],[6.262,-0.683],[6.256,10.078]],"o":[[0.621,-6.214],[15.315,1.765],[2.793,3.76],[-7.089,11.816],[-6.189,0.675],[-5.836,-9.4]],"v":[[-29.714,-17.593],[-2.202,-21.749],[29.289,-22.287],[14.177,2.312],[1.577,23.513],[-12.958,2.304]],"c":true}]},{"i":{"x":0.667,"y":1},"o":{"x":0.333,"y":0},"t":22.541,"s":[{"i":[[-1.987,2.27],[-16.081,3.389],[-1.895,-1.07],[8.118,-4.652],[6.181,-0.737],[6.973,1.964]],"o":[[1.916,-2.189],[14.375,-3.029],[1.895,1.07],[-8.309,4.762],[-6.109,0.729],[-6.965,-1.962]],"v":[[-30.916,-3.867],[-2.791,-9.322],[26.29,-13.539],[14.492,-5.744],[-0.005,4.811],[-16.102,0.06]],"c":true}]},{"i":{"x":0.667,"y":1},"o":{"x":0.333,"y":0},"t":37,"s":[{"i":[[-0.644,6.445],[-15.301,6.278],[-2.793,-3.76],[5.744,-12.176],[6.262,-0.683],[8.946,7.79]],"o":[[0.621,-6.214],[13.678,-5.612],[2.793,3.76],[-5.879,12.462],[-6.189,0.675],[-8.937,-7.782]],"v":[[-34.916,-9.331],[-7.837,-18.866],[21.123,-24.365],[13.47,-3.504],[4.727,25.119],[-16.073,6.471]],"c":true}]},{"i":{"x":0.667,"y":1},"o":{"x":0.333,"y":0},"t":46.695,"s":[{"i":[[-0.644,6.445],[-15.301,6.278],[-2.793,-3.76],[5.744,-12.176],[6.262,-0.683],[8.946,7.79]],"o":[[0.621,-6.214],[13.678,-5.612],[2.793,3.76],[-5.879,12.462],[-6.189,0.675],[-8.937,-7.782]],"v":[[-34.916,-9.331],[-7.837,-18.866],[21.123,-24.365],[13.47,-3.504],[4.727,25.119],[-16.073,6.471]],"c":true}]},{"i":{"x":0.667,"y":1},"o":{"x":0.167,"y":0},"t":69.238,"s":[{"i":[[-0.435,2.004],[-16.399,1.165],[-2.897,-0.835],[6.673,-4.297],[6.205,-0.866],[6.543,2.366]],"o":[[0.42,-1.932],[15.286,-1.086],[2.897,0.835],[-6.673,4.297],[-6.133,0.856],[-6.103,-2.207]],"v":[[-31.303,-8.814],[-4.077,-12.965],[27.221,-16.45],[12.978,-7.468],[1.123,0.229],[-14.006,-4.606]],"c":true}]},{"i":{"x":0.667,"y":1},"o":{"x":0.167,"y":0},"t":83,"s":[{"i":[[-0.644,6.445],[-16.43,-1.893],[-2.793,-3.76],[7.089,-11.816],[6.262,-0.683],[6.256,10.078]],"o":[[0.621,-6.214],[15.315,1.765],[2.793,3.76],[-7.089,11.816],[-6.189,0.675],[-5.836,-9.4]],"v":[[-29.714,-17.593],[-2.202,-21.749],[29.289,-22.287],[14.177,2.312],[1.577,23.513],[-12.958,2.304]],"c":true}]},{"t":93.388671875,"s":[{"i":[[-0.644,6.445],[-16.43,-1.893],[-2.793,-3.76],[7.089,-11.816],[6.262,-0.683],[6.256,10.078]],"o":[[0.621,-6.214],[15.315,1.765],[2.793,3.76],[-7.089,11.816],[-6.189,0.675],[-5.836,-9.4]],"v":[[-29.714,-17.593],[-2.202,-21.749],[29.289,-22.287],[14.177,2.312],[1.577,23.513],[-12.958,2.304]],"c":true}]}],"ix":2},"nm":"Path 1","mn":"ADBE Vector Shape - Group","hd":false},{"ty":"fl","c":{"a":0,"k":[0.525490224361,0.180392161012,0,1],"ix":4},"o":{"a":0,"k":100,"ix":5},"r":1,"bm":0,"nm":"Fill 1","mn":"ADBE Vector Graphic - Fill","hd":false},{"ty":"tr","p":{"a":0,"k":[211.257,199.918],"ix":2},"a":{"a":0,"k":[0,0],"ix":1},"s":{"a":0,"k":[100,100],"ix":3},"r":{"a":0,"k":0,"ix":6},"o":{"a":0,"k":100,"ix":7},"sk":{"a":0,"k":0,"ix":4},"sa":{"a":0,"k":0,"ix":5},"nm":"Transform"}],"nm":"Group 3","np":2,"cix":2,"bm":0,"ix":3,"mn":"ADBE Vector Group","hd":false},{"ty":"gr","it":[{"ind":0,"ty":"sh","ix":1,"ks":{"a":1,"k":[{"i":{"x":0.667,"y":1},"o":{"x":0.333,"y":0},"t":0,"s":[{"i":[[14.467,-1.315],[9.536,-5.273],[-3.156,-7.365],[-11.573,-14.467],[-11.047,1.841],[-7.628,14.675],[4.816,9.447],[11.047,1.841]],"o":[[-12.617,1.147],[-3.974,2.197],[3.156,7.365],[11.573,14.467],[11.047,-1.841],[7.628,-14.675],[-4.316,-8.466],[-11.047,-1.841]],"v":[[-12.103,-42.268],[-36.458,-23.226],[-47.399,-10.126],[-20.677,15.599],[2.944,42.217],[31.666,0.551],[46.922,-25.96],[18.252,-31.116]],"c":true}]},{"i":{"x":0.667,"y":1},"o":{"x":0.333,"y":0},"t":22.541,"s":[{"i":[[9.444,-1.277],[10.764,-4.333],[-1.853,-8.808],[-14.281,-4.642],[-10.701,3.303],[-11.211,7.048],[0.134,6.954],[6.431,1.342]],"o":[[-13.834,1.87],[-9.836,3.959],[1.579,7.504],[9.33,3.033],[9.014,-2.782],[9.997,-6.285],[-0.138,-7.116],[-6.312,-1.317]],"v":[[1.734,-27.703],[-27.904,-19.133],[-49.944,1.093],[-23.906,13.372],[5.99,18.575],[24.368,2.946],[41.161,-13.101],[24.055,-25.76]],"c":true}]},{"i":{"x":0.667,"y":1},"o":{"x":0.333,"y":0},"t":37,"s":[{"i":[[12.969,-1.225],[10.764,-4.333],[-0.397,-10.685],[-19.792,-20.177],[-10.885,2.635],[-7.628,14.675],[3.592,7.723],[8.672,2.358]],"o":[[-13.898,1.313],[-9.836,3.959],[0.374,10.043],[14.147,14.422],[8.941,-2.164],[7.628,-14.675],[-4.007,-8.616],[-7.984,-2.171]],"v":[[-0.878,-42.104],[-28.767,-20.993],[-53.004,-5.939],[-22.329,19.816],[10.811,42.158],[27.714,0.521],[40.193,-24.825],[21.034,-33.072]],"c":true}]},{"i":{"x":0.667,"y":1},"o":{"x":0.333,"y":0},"t":46.695,"s":[{"i":[[12.969,-1.225],[10.764,-4.333],[-0.397,-10.685],[-19.792,-20.177],[-10.885,2.635],[-7.628,14.675],[3.592,7.723],[8.672,2.358]],"o":[[-13.898,1.313],[-9.836,3.959],[0.374,10.043],[14.147,14.422],[8.941,-2.164],[7.628,-14.675],[-4.007,-8.616],[-7.984,-2.171]],"v":[[-0.878,-42.104],[-28.767,-20.993],[-53.004,-5.939],[-22.329,19.816],[10.811,42.158],[27.714,0.521],[40.193,-24.825],[21.034,-33.072]],"c":true}]},{"i":{"x":0.667,"y":1},"o":{"x":0.167,"y":0},"t":69.238,"s":[{"i":[[13.071,-1.462],[10.648,-2.91],[-2.082,-8.252],[-11.985,-5.535],[-6.886,0.348],[-11.127,12.237],[3.683,7.713],[10.913,2.517]],"o":[[-10.022,1.121],[-4.38,1.197],[1.932,7.654],[7.152,3.303],[8.344,-0.421],[7.145,-7.858],[-2.974,-6.227],[-8.189,-1.889]],"v":[[-6.943,-29.037],[-30.561,-19.409],[-45.433,-5.801],[-18.219,10.001],[2.207,16.009],[28.718,-0.466],[44.219,-18.072],[20.217,-26.028]],"c":true}]},{"i":{"x":0.667,"y":1},"o":{"x":0.167,"y":0},"t":83,"s":[{"i":[[14.467,-1.315],[9.536,-5.273],[-3.156,-7.365],[-11.573,-14.467],[-11.047,1.841],[-7.628,14.675],[4.816,9.447],[11.047,1.841]],"o":[[-12.617,1.147],[-3.974,2.197],[3.156,7.365],[11.573,14.467],[11.047,-1.841],[7.628,-14.675],[-4.316,-8.466],[-11.047,-1.841]],"v":[[-12.103,-42.268],[-36.458,-23.226],[-47.399,-10.126],[-20.677,15.599],[2.944,42.217],[31.666,0.551],[46.922,-25.96],[18.252,-31.116]],"c":true}]},{"t":93.388671875,"s":[{"i":[[14.467,-1.315],[9.536,-5.273],[-3.156,-7.365],[-11.573,-14.467],[-11.047,1.841],[-7.628,14.675],[4.816,9.447],[11.047,1.841]],"o":[[-12.617,1.147],[-3.974,2.197],[3.156,7.365],[11.573,14.467],[11.047,-1.841],[7.628,-14.675],[-4.316,-8.466],[-11.047,-1.841]],"v":[[-12.103,-42.268],[-36.458,-23.226],[-47.399,-10.126],[-20.677,15.599],[2.944,42.217],[31.666,0.551],[46.922,-25.96],[18.252,-31.116]],"c":true}]}],"ix":2},"nm":"Path 1","mn":"ADBE Vector Shape - Group","hd":false},{"ty":"fl","c":{"a":0,"k":[0.992156863213,0.537254929543,0.007843137719,1],"ix":4},"o":{"a":0,"k":100,"ix":5},"r":1,"bm":0,"nm":"Fill 1","mn":"ADBE Vector Graphic - Fill","hd":false},{"ty":"tr","p":{"a":0,"k":[210.498,194.13],"ix":2},"a":{"a":0,"k":[0,0],"ix":1},"s":{"a":0,"k":[100,100],"ix":3},"r":{"a":0,"k":0,"ix":6},"o":{"a":0,"k":100,"ix":7},"sk":{"a":0,"k":0,"ix":4},"sa":{"a":0,"k":0,"ix":5},"nm":"Transform"}],"nm":"Group 4","np":2,"cix":2,"bm":0,"ix":4,"mn":"ADBE Vector Group","hd":false}],"ip":0,"op":180,"st":0,"bm":0},{"ddd":0,"ind":7,"ty":4,"nm":"Left hand","parent":11,"sr":1,"ks":{"o":{"a":0,"k":100,"ix":11},"r":{"a":1,"k":[{"i":{"x":[0.667],"y":[1]},"o":{"x":[0.333],"y":[0]},"t":0,"s":[27]},{"i":{"x":[0.667],"y":[1]},"o":{"x":[0.333],"y":[0]},"t":11,"s":[-63]},{"i":{"x":[0.667],"y":[1]},"o":{"x":[0.333],"y":[0]},"t":22.541,"s":[36]},{"i":{"x":[0.667],"y":[1]},"o":{"x":[0.333],"y":[0]},"t":36,"s":[-37]},{"i":{"x":[0.667],"y":[1]},"o":{"x":[0.333],"y":[0]},"t":46.695,"s":[36]},{"i":{"x":[0.667],"y":[1]},"o":{"x":[0.333],"y":[0]},"t":58,"s":[-44]},{"i":{"x":[0.667],"y":[1]},"o":{"x":[0.333],"y":[0]},"t":69,"s":[27]},{"i":{"x":[0.667],"y":[1]},"o":{"x":[0.333],"y":[0]},"t":80.508,"s":[-41]},{"i":{"x":[0.667],"y":[1]},"o":{"x":[0.333],"y":[0]},"t":93,"s":[27]},{"t":93.388671875,"s":[27]}],"ix":10},"p":{"a":1,"k":[{"i":{"x":0.667,"y":1},"o":{"x":0.333,"y":0},"t":0,"s":[135.043,302.56,0],"to":[0,0,0],"ti":[0,0,0]},{"i":{"x":0.667,"y":1},"o":{"x":0.333,"y":0},"t":11,"s":[154.482,311.883,0],"to":[0,0,0],"ti":[0,0,0]},{"i":{"x":0.667,"y":1},"o":{"x":0.333,"y":0},"t":22.541,"s":[147.692,289.714,0],"to":[0,0,0],"ti":[0,0,0]},{"i":{"x":0.667,"y":1},"o":{"x":0.333,"y":0},"t":36,"s":[160.626,305.749,0],"to":[0,0,0],"ti":[0,0,0]},{"i":{"x":0.667,"y":1},"o":{"x":0.333,"y":0},"t":46.695,"s":[147.692,289.714,0],"to":[0,0,0],"ti":[0,0,0]},{"i":{"x":0.667,"y":1},"o":{"x":0.333,"y":0},"t":58,"s":[154.482,311.883,0],"to":[0,0,0],"ti":[0,0,0]},{"i":{"x":0.667,"y":1},"o":{"x":0.333,"y":0},"t":69,"s":[135.043,302.56,0],"to":[0,0,0],"ti":[0,0,0]},{"i":{"x":0.667,"y":1},"o":{"x":0.333,"y":0},"t":80.508,"s":[148.859,312.379,0],"to":[0,0,0],"ti":[0,0,0]},{"i":{"x":0.667,"y":0.667},"o":{"x":0.333,"y":0.333},"t":93,"s":[135.043,302.56,0],"to":[0,0,0],"ti":[0,0,0]},{"t":93.388671875,"s":[135.043,302.56,0]}],"ix":2,"l":2},"a":{"a":0,"k":[135.043,302.56,0],"ix":1,"l":2},"s":{"a":0,"k":[100,100,100],"ix":6,"l":2}},"ao":0,"shapes":[{"ty":"gr","it":[{"ind":0,"ty":"sh","ix":1,"ks":{"a":1,"k":[{"i":{"x":0.667,"y":1},"o":{"x":0.333,"y":0},"t":0,"s":[{"i":[[0,0],[-8.063,1.222]],"o":[[0,0],[0,0]],"v":[[-6.109,1.344],[6.109,-1.344]],"c":false}]},{"i":{"x":0.667,"y":1},"o":{"x":0.333,"y":0},"t":22.541,"s":[{"i":[[0,0],[-7.792,2.408]],"o":[[0,0],[0,0]],"v":[[-19.51,7.711],[-7.829,3.236]],"c":false}]},{"i":{"x":0.667,"y":1},"o":{"x":0.333,"y":0},"t":46.695,"s":[{"i":[[0,0],[-7.792,2.408]],"o":[[0,0],[0,0]],"v":[[-19.51,7.711],[-7.829,3.236]],"c":false}]},{"i":{"x":0.667,"y":1},"o":{"x":0.333,"y":0},"t":69,"s":[{"i":[[0,0],[-8.063,1.222]],"o":[[0,0],[0,0]],"v":[[-6.109,1.344],[6.109,-1.344]],"c":false}]},{"i":{"x":0.667,"y":1},"o":{"x":0.333,"y":0},"t":93,"s":[{"i":[[0,0],[-8.063,1.222]],"o":[[0,0],[0,0]],"v":[[-6.109,1.344],[6.109,-1.344]],"c":false}]},{"t":93.388671875,"s":[{"i":[[0,0],[-8.063,1.222]],"o":[[0,0],[0,0]],"v":[[-6.109,1.344],[6.109,-1.344]],"c":false}]}],"ix":2},"nm":"Path 1","mn":"ADBE Vector Shape - Group","hd":false},{"ty":"st","c":{"a":0,"k":[0.494117647409,0.419607847929,0.992156863213,1],"ix":3},"o":{"a":0,"k":100,"ix":4},"w":{"a":0,"k":8,"ix":5},"lc":2,"lj":2,"bm":0,"nm":"Stroke 1","mn":"ADBE Vector Graphic - Stroke","hd":false},{"ty":"tr","p":{"a":0,"k":[103.502,297.117],"ix":2},"a":{"a":0,"k":[0,0],"ix":1},"s":{"a":0,"k":[100,100],"ix":3},"r":{"a":0,"k":0,"ix":6},"o":{"a":0,"k":100,"ix":7},"sk":{"a":0,"k":0,"ix":4},"sa":{"a":0,"k":0,"ix":5},"nm":"Transform"}],"nm":"Group 1","np":2,"cix":2,"bm":0,"ix":1,"mn":"ADBE Vector Group","hd":false},{"ty":"gr","it":[{"ind":0,"ty":"sh","ix":1,"ks":{"a":1,"k":[{"i":{"x":0.667,"y":1},"o":{"x":0.333,"y":0},"t":0,"s":[{"i":[[0,0],[-3.59,-18.167],[-7.777,7.486],[0,0]],"o":[[0,0],[3.605,18.242],[4.732,-4.556],[0,0]],"v":[[20.055,-18.65],[-49.696,12.087],[56.691,11.456],[36.564,-17.311]],"c":true}]},{"i":{"x":0.667,"y":1},"o":{"x":0.333,"y":0},"t":11,"s":[{"i":[[0,0],[-3.59,-18.167],[-4.999,4.261],[0,0]],"o":[[0,0],[3.605,18.242],[9.219,-7.858],[0,0]],"v":[[52.816,-31.139],[-49.696,12.087],[20.465,10.115],[52.607,-13.348]],"c":true}]},{"i":{"x":0.667,"y":1},"o":{"x":0.333,"y":0},"t":22.541,"s":[{"i":[[0,0],[-3.59,-18.167],[-5.446,3.673],[0,0]],"o":[[0,0],[3.605,18.242],[5.446,-3.673],[0,0]],"v":[[11.619,-18.096],[-49.696,12.087],[56.679,13.986],[42.122,-12.571]],"c":true}]},{"i":{"x":0.667,"y":1},"o":{"x":0.333,"y":0},"t":36,"s":[{"i":[[0,0],[-3.59,-18.167],[-3.441,5.595],[0,0]],"o":[[0,0],[3.605,18.242],[6.763,-10.995],[0,0]],"v":[[44.018,-31.965],[-49.696,12.087],[25.983,7.903],[46.124,-14.252]],"c":true}]},{"i":{"x":0.667,"y":1},"o":{"x":0.333,"y":0},"t":46.695,"s":[{"i":[[0,0],[-3.59,-18.167],[-5.446,3.673],[0,0]],"o":[[0,0],[3.605,18.242],[5.446,-3.673],[0,0]],"v":[[11.619,-18.096],[-49.696,12.087],[56.679,13.986],[42.122,-12.571]],"c":true}]},{"i":{"x":0.667,"y":1},"o":{"x":0.333,"y":0},"t":58,"s":[{"i":[[0,0],[-3.59,-18.167],[-3.441,5.595],[0,0]],"o":[[0,0],[3.605,18.242],[6.763,-10.995],[0,0]],"v":[[44.502,-36.005],[-49.696,12.087],[25.297,10.07],[46.124,-14.252]],"c":true}]},{"i":{"x":0.667,"y":1},"o":{"x":0.333,"y":0},"t":69,"s":[{"i":[[0,0],[-3.59,-18.167],[-7.777,7.486],[0,0]],"o":[[0,0],[3.605,18.242],[4.732,-4.556],[0,0]],"v":[[20.055,-18.65],[-49.696,12.087],[56.691,11.456],[36.564,-17.311]],"c":true}]},{"i":{"x":0.667,"y":1},"o":{"x":0.333,"y":0},"t":80.508,"s":[{"i":[[0,0],[-3.59,-18.167],[-3.441,5.595],[0,0]],"o":[[0,0],[3.605,18.242],[6.763,-10.995],[0,0]],"v":[[39.689,-28.885],[-49.696,12.087],[29.65,10.498],[46.124,-14.252]],"c":true}]},{"i":{"x":0.667,"y":1},"o":{"x":0.333,"y":0},"t":93,"s":[{"i":[[0,0],[-3.59,-18.167],[-7.777,7.486],[0,0]],"o":[[0,0],[3.605,18.242],[4.732,-4.556],[0,0]],"v":[[20.055,-18.65],[-49.696,12.087],[56.691,11.456],[36.564,-17.311]],"c":true}]},{"t":93.388671875,"s":[{"i":[[0,0],[-3.59,-18.167],[-5.446,3.673],[0,0]],"o":[[0,0],[3.605,18.242],[5.446,-3.673],[0,0]],"v":[[25.467,-21.775],[-49.696,12.087],[48.061,14.218],[44.53,-14.971]],"c":true}]}],"ix":2},"nm":"Path 1","mn":"ADBE Vector Shape - Group","hd":false},{"ty":"fl","c":{"a":0,"k":[0.447058826685,0.250980407,0.992156863213,1],"ix":4},"o":{"a":0,"k":100,"ix":5},"r":1,"bm":0,"nm":"Fill 1","mn":"ADBE Vector Graphic - Fill","hd":false},{"ty":"tr","p":{"a":0,"k":[102.043,304.56],"ix":2},"a":{"a":0,"k":[0,0],"ix":1},"s":{"a":0,"k":[100,100],"ix":3},"r":{"a":0,"k":0,"ix":6},"o":{"a":0,"k":100,"ix":7},"sk":{"a":0,"k":0,"ix":4},"sa":{"a":0,"k":0,"ix":5},"nm":"Transform"}],"nm":"Group 2","np":2,"cix":2,"bm":0,"ix":2,"mn":"ADBE Vector Group","hd":false}],"ip":0,"op":180,"st":0,"bm":0},{"ddd":0,"ind":8,"ty":4,"nm":"Right hand","parent":11,"sr":1,"ks":{"o":{"a":0,"k":100,"ix":11},"r":{"a":1,"k":[{"i":{"x":[0.667],"y":[1]},"o":{"x":[0.333],"y":[0]},"t":0,"s":[0]},{"i":{"x":[0.667],"y":[1]},"o":{"x":[0.333],"y":[0]},"t":11.271,"s":[104]},{"i":{"x":[0.667],"y":[1]},"o":{"x":[0.333],"y":[0]},"t":22.541,"s":[9]},{"i":{"x":[0.667],"y":[1]},"o":{"x":[0.333],"y":[0]},"t":35.422,"s":[105]},{"i":{"x":[0.667],"y":[1]},"o":{"x":[0.333],"y":[0]},"t":46.695,"s":[9]},{"i":{"x":[0.667],"y":[1]},"o":{"x":[0.333],"y":[0]},"t":57.967,"s":[95]},{"i":{"x":[0.667],"y":[1]},"o":{"x":[0.333],"y":[0]},"t":69.238,"s":[0]},{"i":{"x":[0.667],"y":[1]},"o":{"x":[0.333],"y":[0]},"t":80.508,"s":[83]},{"t":93.388671875,"s":[0]}],"ix":10},"p":{"a":1,"k":[{"i":{"x":0.667,"y":1},"o":{"x":0.333,"y":0},"t":0,"s":[385.845,235.883,0],"to":[0,0,0],"ti":[0,0,0]},{"i":{"x":0.667,"y":1},"o":{"x":0.333,"y":0},"t":11.271,"s":[395.551,249.128,0],"to":[0,0,0],"ti":[0,0,0]},{"i":{"x":0.667,"y":1},"o":{"x":0.333,"y":0},"t":22.541,"s":[400.116,240.049,0],"to":[0,0,0],"ti":[0,0,0]},{"i":{"x":0.667,"y":1},"o":{"x":0.333,"y":0},"t":35.422,"s":[397.547,242.937,0],"to":[0,0,0],"ti":[0,0,0]},{"i":{"x":0.667,"y":1},"o":{"x":0.333,"y":0},"t":46.695,"s":[400.116,240.049,0],"to":[0,0,0],"ti":[0,0,0]},{"i":{"x":0.667,"y":1},"o":{"x":0.333,"y":0},"t":57.967,"s":[392.505,244.486,0],"to":[0,0,0],"ti":[0,0,0]},{"i":{"x":0.667,"y":1},"o":{"x":0.333,"y":0},"t":69.238,"s":[385.845,235.883,0],"to":[0,0,0],"ti":[0,0,0]},{"i":{"x":0.667,"y":1},"o":{"x":0.333,"y":0},"t":80.508,"s":[386.862,233.914,0],"to":[0,0,0],"ti":[0,0,0]},{"t":93.388671875,"s":[385.845,235.883,0]}],"ix":2,"l":2},"a":{"a":0,"k":[385.845,235.883,0],"ix":1,"l":2},"s":{"a":0,"k":[100,100,100],"ix":6,"l":2}},"ao":0,"shapes":[{"ty":"gr","it":[{"ind":0,"ty":"sh","ix":1,"ks":{"a":1,"k":[{"i":{"x":0.667,"y":1},"o":{"x":0.333,"y":0},"t":0,"s":[{"i":[[0,0],[-5.099,3.874]],"o":[[0,0],[0,0]],"v":[[-5.001,4.7],[5.001,-4.7]],"c":false}]},{"i":{"x":0.667,"y":1},"o":{"x":0.333,"y":0},"t":22.541,"s":[{"i":[[0,0],[-4.596,4.459]],"o":[[0,0],[0,0]],"v":[[-13.203,13.908],[-4.404,3.373]],"c":false}]},{"i":{"x":0.667,"y":1},"o":{"x":0.333,"y":0},"t":46.695,"s":[{"i":[[0,0],[-4.596,4.459]],"o":[[0,0],[0,0]],"v":[[-13.203,13.908],[-4.404,3.373]],"c":false}]},{"i":{"x":0.667,"y":1},"o":{"x":0.333,"y":0},"t":69.238,"s":[{"i":[[0,0],[-5.099,3.874]],"o":[[0,0],[0,0]],"v":[[-5.001,4.7],[5.001,-4.7]],"c":false}]},{"t":93.388671875,"s":[{"i":[[0,0],[-5.099,3.874]],"o":[[0,0],[0,0]],"v":[[-5.001,4.7],[5.001,-4.7]],"c":false}]}],"ix":2},"nm":"Path 1","mn":"ADBE Vector Shape - Group","hd":false},{"ty":"st","c":{"a":0,"k":[0.494117647409,0.419607847929,0.992156863213,1],"ix":3},"o":{"a":0,"k":100,"ix":4},"w":{"a":0,"k":8,"ix":5},"lc":2,"lj":2,"bm":0,"nm":"Stroke 1","mn":"ADBE Vector Graphic - Stroke","hd":false},{"ty":"tr","p":{"a":0,"k":[414.091,189.898],"ix":2},"a":{"a":0,"k":[0,0],"ix":1},"s":{"a":0,"k":[100,100],"ix":3},"r":{"a":0,"k":0,"ix":6},"o":{"a":0,"k":100,"ix":7},"sk":{"a":0,"k":0,"ix":4},"sa":{"a":0,"k":0,"ix":5},"nm":"Transform"}],"nm":"Group 1","np":2,"cix":2,"bm":0,"ix":1,"mn":"ADBE Vector Group","hd":false},{"ty":"gr","it":[{"ind":0,"ty":"sh","ix":1,"ks":{"a":1,"k":[{"i":{"x":0.667,"y":1},"o":{"x":0.333,"y":0},"t":0,"s":[{"i":[[0,0],[-13.309,-7.724],[35.468,-37.711],[0,0]],"o":[[0,0],[13.309,7.724],[0,0],[0,0]],"v":[[-18.757,-8.97],[32.4,-49.408],[-13.887,48.089],[-35.759,21.201]],"c":true}]},{"i":{"x":0.667,"y":1},"o":{"x":0.333,"y":0},"t":11.271,"s":[{"i":[[0,0],[-14.828,-10.186],[29.533,-24.185],[0,0]],"o":[[0,0],[12.683,8.713],[0,0],[0,0]],"v":[[-62.665,27.237],[32.395,-49.967],[-9.368,17.492],[-35.916,37.59]],"c":true}]},{"i":{"x":0.667,"y":1},"o":{"x":0.333,"y":0},"t":22.541,"s":[{"i":[[0,0],[-13.309,-7.724],[24.953,-32.117],[0,0]],"o":[[0,0],[13.309,7.724],[0,0],[0,0]],"v":[[-16.577,-3.98],[32.389,-50.526],[-16.489,47.366],[-29.967,19.982]],"c":true}]},{"i":{"x":0.667,"y":1},"o":{"x":0.333,"y":0},"t":35.422,"s":[{"i":[[0,0],[-13.309,-7.724],[22.947,-17.926],[0,0]],"o":[[0,0],[13.309,7.724],[0,0],[0,0]],"v":[[-50.996,16.633],[32.389,-50.526],[-8.683,15.115],[-33.643,27.647]],"c":true}]},{"i":{"x":0.667,"y":1},"o":{"x":0.333,"y":0},"t":46.695,"s":[{"i":[[0,0],[-13.309,-7.724],[24.953,-32.117],[0,0]],"o":[[0,0],[13.309,7.724],[0,0],[0,0]],"v":[[-16.171,-7.685],[32.389,-50.526],[-15.033,48.377],[-33.298,21.288]],"c":true}]},{"i":{"x":0.667,"y":1},"o":{"x":0.333,"y":0},"t":57.967,"s":[{"i":[[0,0],[-13.309,-7.724],[13.74,-12.951],[0,0]],"o":[[0,0],[13.309,7.724],[0,0],[0,0]],"v":[[-49.127,21.056],[32.395,-49.967],[-0.34,12.786],[-32.667,30.203]],"c":true}]},{"i":{"x":0.667,"y":1},"o":{"x":0.333,"y":0},"t":69.238,"s":[{"i":[[0,0],[-13.309,-7.724],[35.468,-37.711],[0,0]],"o":[[0,0],[13.309,7.724],[0,0],[0,0]],"v":[[-17.879,-10.489],[32.4,-49.408],[-14.905,48.342],[-30.867,21.457]],"c":true}]},{"i":{"x":0.667,"y":1},"o":{"x":0.333,"y":0},"t":80.508,"s":[{"i":[[0,0],[-13.309,-7.724],[27.174,-27.164],[0,0]],"o":[[0,0],[13.309,7.724],[0,0],[0,0]],"v":[[-50.84,18.744],[32.4,-49.408],[-1.887,23.48],[-23.392,33.925]],"c":true}]},{"t":93.388671875,"s":[{"i":[[0,0],[-13.309,-7.724],[35.468,-37.711],[0,0]],"o":[[0,0],[13.309,7.724],[0,0],[0,0]],"v":[[-18.757,-8.97],[32.4,-49.408],[-13.887,48.089],[-35.759,21.201]],"c":true}]}],"ix":2},"nm":"Path 1","mn":"ADBE Vector Shape - Group","hd":false},{"ty":"fl","c":{"a":0,"k":[0.447058826685,0.250980407,0.992156863213,1],"ix":4},"o":{"a":0,"k":100,"ix":5},"r":1,"bm":0,"nm":"Fill 1","mn":"ADBE Vector Graphic - Fill","hd":false},{"ty":"tr","p":{"a":0,"k":[409.845,212.883],"ix":2},"a":{"a":0,"k":[0,0],"ix":1},"s":{"a":0,"k":[100,100],"ix":3},"r":{"a":0,"k":0,"ix":6},"o":{"a":0,"k":100,"ix":7},"sk":{"a":0,"k":0,"ix":4},"sa":{"a":0,"k":0,"ix":5},"nm":"Transform"}],"nm":"Group 2","np":2,"cix":2,"bm":0,"ix":2,"mn":"ADBE Vector Group","hd":false}],"ip":0,"op":180,"st":0,"bm":0},{"ddd":0,"ind":9,"ty":4,"nm":"Eyebrows","parent":4,"sr":1,"ks":{"o":{"a":0,"k":100,"ix":11},"r":{"a":0,"k":0,"ix":10},"p":{"a":0,"k":[-3.527,-61.201,0],"ix":2,"l":2},"a":{"a":0,"k":[209.473,110.799,0],"ix":1,"l":2},"s":{"a":0,"k":[100,100,100],"ix":6,"l":2}},"ao":0,"shapes":[{"ty":"gr","it":[{"ind":0,"ty":"sh","ix":1,"ks":{"a":1,"k":[{"i":{"x":0.667,"y":1},"o":{"x":0.333,"y":0},"t":0,"s":[{"i":[[0,0],[5.621,-1.466]],"o":[[0,0],[0,0]],"v":[[4.432,-3.088],[-4.432,3.088]],"c":false}]},{"i":{"x":0.667,"y":1},"o":{"x":0.333,"y":0},"t":22.541,"s":[{"i":[[0,0],[8.448,-0.017]],"o":[[0,0],[0,0]],"v":[[-16.412,-12.921],[-31.141,-7.454]],"c":false}]},{"i":{"x":0.667,"y":1},"o":{"x":0.333,"y":0},"t":46.695,"s":[{"i":[[0,0],[8.448,-0.017]],"o":[[0,0],[0,0]],"v":[[-16.412,-12.921],[-31.141,-7.454]],"c":false}]},{"t":69.23828125,"s":[{"i":[[0,0],[5.621,-1.466]],"o":[[0,0],[0,0]],"v":[[4.432,-3.088],[-4.432,3.088]],"c":false}]}],"ix":2},"nm":"Path 1","mn":"ADBE Vector Shape - Group","hd":false},{"ty":"st","c":{"a":0,"k":[0.270588248968,0.086274512112,0.658823549747,1],"ix":3},"o":{"a":0,"k":100,"ix":4},"w":{"a":0,"k":8,"ix":5},"lc":2,"lj":2,"bm":0,"nm":"Stroke 1","mn":"ADBE Vector Graphic - Stroke","hd":false},{"ty":"tr","p":{"a":0,"k":[127.641,130.182],"ix":2},"a":{"a":0,"k":[0,0],"ix":1},"s":{"a":0,"k":[100,100],"ix":3},"r":{"a":0,"k":0,"ix":6},"o":{"a":0,"k":100,"ix":7},"sk":{"a":0,"k":0,"ix":4},"sa":{"a":0,"k":0,"ix":5},"nm":"Transform"}],"nm":"Group 1","np":2,"cix":2,"bm":0,"ix":1,"mn":"ADBE Vector Group","hd":false},{"ty":"gr","it":[{"ind":0,"ty":"sh","ix":1,"ks":{"a":1,"k":[{"i":{"x":0.667,"y":1},"o":{"x":0.333,"y":0},"t":0,"s":[{"i":[[0,0],[-11.515,2.303]],"o":[[0,0],[0,0]],"v":[[-8.328,-0.874],[8.328,0.045]],"c":false}]},{"i":{"x":0.667,"y":1},"o":{"x":0.333,"y":0},"t":22.541,"s":[{"i":[[0,0],[-7.692,-0.595]],"o":[[0,0],[0,0]],"v":[[-23.637,18.227],[-13.406,22.034]],"c":false}]},{"i":{"x":0.667,"y":1},"o":{"x":0.333,"y":0},"t":46.695,"s":[{"i":[[0,0],[-7.692,-0.595]],"o":[[0,0],[0,0]],"v":[[-23.637,18.227],[-13.406,22.034]],"c":false}]},{"t":69.23828125,"s":[{"i":[[0,0],[-11.515,2.303]],"o":[[0,0],[0,0]],"v":[[-8.328,-0.874],[8.328,0.045]],"c":false}]}],"ix":2},"nm":"Path 1","mn":"ADBE Vector Shape - Group","hd":false},{"ty":"st","c":{"a":0,"k":[0.270588248968,0.086274512112,0.658823549747,1],"ix":3},"o":{"a":0,"k":100,"ix":4},"w":{"a":0,"k":8,"ix":5},"lc":2,"lj":2,"bm":0,"nm":"Stroke 1","mn":"ADBE Vector Graphic - Stroke","hd":false},{"ty":"tr","p":{"a":0,"k":[287.408,89.202],"ix":2},"a":{"a":0,"k":[0,0],"ix":1},"s":{"a":0,"k":[100,100],"ix":3},"r":{"a":0,"k":0,"ix":6},"o":{"a":0,"k":100,"ix":7},"sk":{"a":0,"k":0,"ix":4},"sa":{"a":0,"k":0,"ix":5},"nm":"Transform"}],"nm":"Group 2","np":2,"cix":2,"bm":0,"ix":2,"mn":"ADBE Vector Group","hd":false}],"ip":0,"op":180,"st":0,"bm":0},{"ddd":0,"ind":10,"ty":4,"nm":"Eyes","parent":4,"sr":1,"ks":{"o":{"a":0,"k":100,"ix":11},"r":{"a":0,"k":0,"ix":10},"p":{"a":0,"k":[-0.364,-22.293,0],"ix":2,"l":2},"a":{"a":0,"k":[212.636,149.707,0],"ix":1,"l":2},"s":{"a":0,"k":[100,100,100],"ix":6,"l":2}},"ao":0,"shapes":[{"ty":"gr","it":[{"ind":0,"ty":"sh","ix":1,"ks":{"a":1,"k":[{"i":{"x":0.667,"y":1},"o":{"x":0.333,"y":0},"t":0,"s":[{"i":[[0,0],[-17.685,-14.342]],"o":[[0,0],[0,0]],"v":[[-18.501,-2.098],[18.501,4.295]],"c":false}]},{"i":{"x":0.667,"y":1},"o":{"x":0.333,"y":0},"t":22.541,"s":[{"i":[[0,0],[-23.282,-14.157]],"o":[[0,0],[0,0]],"v":[[-37.457,5.902],[14.227,4.895]],"c":false}]},{"i":{"x":0.667,"y":1},"o":{"x":0.333,"y":0},"t":46.695,"s":[{"i":[[0,0],[-23.282,-14.157]],"o":[[0,0],[0,0]],"v":[[-37.457,5.902],[14.227,4.895]],"c":false}]},{"t":69.23828125,"s":[{"i":[[0,0],[-17.685,-14.342]],"o":[[0,0],[0,0]],"v":[[-18.501,-2.098],[18.501,4.295]],"c":false}]}],"ix":2},"nm":"Path 1","mn":"ADBE Vector Shape - Group","hd":false},{"ty":"st","c":{"a":0,"k":[0.270588248968,0.086274512112,0.658823549747,1],"ix":3},"o":{"a":0,"k":100,"ix":4},"w":{"a":0,"k":15,"ix":5},"lc":2,"lj":2,"bm":0,"nm":"Stroke 1","mn":"ADBE Vector Graphic - Stroke","hd":false},{"ty":"tr","p":{"a":0,"k":[124.913,164.366],"ix":2},"a":{"a":0,"k":[0,0],"ix":1},"s":{"a":0,"k":[100,100],"ix":3},"r":{"a":0,"k":0,"ix":6},"o":{"a":0,"k":100,"ix":7},"sk":{"a":0,"k":0,"ix":4},"sa":{"a":0,"k":0,"ix":5},"nm":"Transform"}],"nm":"Group 1","np":2,"cix":2,"bm":0,"ix":1,"mn":"ADBE Vector Group","hd":false},{"ty":"gr","it":[{"ind":0,"ty":"sh","ix":1,"ks":{"a":1,"k":[{"i":{"x":0.667,"y":1},"o":{"x":0.333,"y":0},"t":0,"s":[{"i":[[0,0],[-37.22,-5.372]],"o":[[0,0],[0,0]],"v":[[-24.825,8.489],[24.825,-7.627]],"c":false}]},{"i":{"x":0.667,"y":1},"o":{"x":0.333,"y":0},"t":22.541,"s":[{"i":[[0,0],[-24.826,0.69]],"o":[[0,0],[0,0]],"v":[[-28.448,11.901],[4.69,-5.685]],"c":false}]},{"i":{"x":0.667,"y":1},"o":{"x":0.333,"y":0},"t":46.695,"s":[{"i":[[0,0],[-24.826,0.69]],"o":[[0,0],[0,0]],"v":[[-28.448,11.901],[4.69,-5.685]],"c":false}]},{"t":69.23828125,"s":[{"i":[[0,0],[-37.22,-5.372]],"o":[[0,0],[0,0]],"v":[[-24.825,8.489],[24.825,-7.627]],"c":false}]}],"ix":2},"nm":"Path 1","mn":"ADBE Vector Shape - Group","hd":false},{"ty":"st","c":{"a":0,"k":[0.270588248968,0.086274512112,0.658823549747,1],"ix":3},"o":{"a":0,"k":100,"ix":4},"w":{"a":0,"k":15,"ix":5},"lc":2,"lj":2,"bm":0,"nm":"Stroke 1","mn":"ADBE Vector Graphic - Stroke","hd":false},{"ty":"tr","p":{"a":0,"k":[294.035,139.241],"ix":2},"a":{"a":0,"k":[0,0],"ix":1},"s":{"a":0,"k":[100,100],"ix":3},"r":{"a":0,"k":0,"ix":6},"o":{"a":0,"k":100,"ix":7},"sk":{"a":0,"k":0,"ix":4},"sa":{"a":0,"k":0,"ix":5},"nm":"Transform"}],"nm":"Group 2","np":2,"cix":2,"bm":0,"ix":2,"mn":"ADBE Vector Group","hd":false}],"ip":0,"op":180,"st":0,"bm":0},{"ddd":0,"ind":11,"ty":4,"nm":"Body","parent":1,"sr":1,"ks":{"o":{"a":0,"k":100,"ix":11},"r":{"a":1,"k":[{"i":{"x":[0.667],"y":[1]},"o":{"x":[0.333],"y":[0]},"t":0,"s":[3]},{"i":{"x":[0.667],"y":[1]},"o":{"x":[0.333],"y":[0]},"t":22.541,"s":[29]},{"i":{"x":[0.667],"y":[1]},"o":{"x":[0.333],"y":[0]},"t":46.695,"s":[23]},{"i":{"x":[0.667],"y":[1]},"o":{"x":[0.167],"y":[0]},"t":69.238,"s":[-3]},{"t":93.388671875,"s":[3]}],"ix":10},"p":{"a":1,"k":[{"i":{"x":0.667,"y":0.751},"o":{"x":0.333,"y":0},"t":0,"s":[-38.71,-85.857,0],"to":[0,0,0],"ti":[0,0,0]},{"i":{"x":0.667,"y":1},"o":{"x":0.333,"y":0.319},"t":10.961,"s":[-48.21,-69.425,0],"to":[0,0,0],"ti":[0,0,0]},{"i":{"x":0.667,"y":0.667},"o":{"x":0.333,"y":0.333},"t":22.541,"s":[-57.71,-81.857,0],"to":[0,0,0],"ti":[0,0,0]},{"i":{"x":0.667,"y":0.69},"o":{"x":0.333,"y":0},"t":46.695,"s":[-57.71,-81.857,0],"to":[0,0,0],"ti":[0,0,0]},{"i":{"x":0.667,"y":1},"o":{"x":0.333,"y":0.256},"t":57.967,"s":[-48.21,-69.425,0],"to":[0,0,0],"ti":[0,0,0]},{"t":69.23828125,"s":[-38.71,-85.857,0]}],"ix":2,"l":2},"a":{"a":0,"k":[312.29,378.143,0],"ix":1,"l":2},"s":{"a":0,"k":[100,100,100],"ix":6,"l":2}},"ao":0,"shapes":[{"ty":"gr","it":[{"ind":0,"ty":"sh","ix":1,"ks":{"a":1,"k":[{"i":{"x":0.667,"y":1},"o":{"x":0.333,"y":0},"t":0,"s":[{"i":[[7.14,4.478],[17.745,-6.845],[0.707,-8.68],[-30.346,12.472]],"o":[[-7.576,-4.752],[-23.599,9.103],[-0.629,7.718],[29.531,-12.137]],"v":[[38.066,-24.539],[-2.093,-7.236],[-40.965,9.849],[10.813,20.788]],"c":true}]},{"i":{"x":0.667,"y":1},"o":{"x":0.333,"y":0},"t":22.541,"s":[{"i":[[5.29,6.455],[18.888,-0.519],[3.437,-7.767],[-32.544,1.593]],"o":[[-5.613,-6.85],[-25.118,0.69],[-3.057,6.907],[31.67,-1.551]],"v":[[83.08,-17.053],[39.759,-14.209],[-2.284,-11.147],[42.958,15.821]],"c":true}]},{"i":{"x":0.667,"y":1},"o":{"x":0.333,"y":0},"t":46.695,"s":[{"i":[[5.29,6.455],[18.888,-0.519],[3.437,-7.767],[-32.544,1.593]],"o":[[-5.613,-6.85],[-25.118,0.69],[-3.057,6.907],[31.67,-1.551]],"v":[[83.08,-17.053],[39.759,-14.209],[-2.284,-11.147],[42.958,15.821]],"c":true}]},{"i":{"x":0.667,"y":1},"o":{"x":0.167,"y":0},"t":69.238,"s":[{"i":[[7.14,4.478],[17.745,-6.845],[0.707,-8.68],[-30.346,12.472]],"o":[[-7.576,-4.752],[-23.599,9.103],[-0.629,7.718],[29.531,-12.137]],"v":[[38.066,-24.539],[-2.093,-7.236],[-40.965,9.849],[10.813,20.788]],"c":true}]},{"t":93.388671875,"s":[{"i":[[7.14,4.478],[17.745,-6.845],[0.707,-8.68],[-30.346,12.472]],"o":[[-7.576,-4.752],[-23.599,9.103],[-0.629,7.718],[29.531,-12.137]],"v":[[38.066,-24.539],[-2.093,-7.236],[-40.965,9.849],[10.813,20.788]],"c":true}]}],"ix":2},"nm":"Path 1","mn":"ADBE Vector Shape - Group","hd":false},{"ty":"fl","c":{"a":0,"k":[0.913725495338,0.913725495338,1,1],"ix":4},"o":{"a":0,"k":100,"ix":5},"r":1,"bm":0,"nm":"Fill 1","mn":"ADBE Vector Graphic - Fill","hd":false},{"ty":"tr","p":{"a":0,"k":[248.031,262.338],"ix":2},"a":{"a":0,"k":[0,0],"ix":1},"s":{"a":0,"k":[100,100],"ix":3},"r":{"a":0,"k":0,"ix":6},"o":{"a":0,"k":100,"ix":7},"sk":{"a":0,"k":0,"ix":4},"sa":{"a":0,"k":0,"ix":5},"nm":"Transform"}],"nm":"Group 1","np":2,"cix":2,"bm":0,"ix":1,"mn":"ADBE Vector Group","hd":false},{"ty":"gr","it":[{"ind":0,"ty":"sh","ix":1,"ks":{"a":1,"k":[{"i":{"x":0.833,"y":0.896},"o":{"x":0.333,"y":0},"t":0,"s":[{"i":[[0,0],[-1.673,-0.956]],"o":[[0,0],[0,0]],"v":[[-1.672,-0.597],[1.672,0.597]],"c":false}]},{"i":{"x":0.667,"y":1},"o":{"x":0.167,"y":0.104},"t":10.961,"s":[{"i":[[0,0],[-1.754,0.785]],"o":[[0,0],[0,0]],"v":[[-57.347,7.103],[-54.417,5.11]],"c":false}]},{"i":{"x":0.833,"y":0.896},"o":{"x":0.333,"y":0},"t":22.541,"s":[{"i":[[0,0],[-1.792,-0.706]],"o":[[0,0],[0,0]],"v":[[-58.96,23.604],[-55.478,24.306]],"c":false}]},{"i":{"x":0.667,"y":1},"o":{"x":0.167,"y":0.104},"t":35.422,"s":[{"i":[[0,0],[-2.362,-1.426]],"o":[[0,0],[0,0]],"v":[[-41.952,4.767],[-37.064,6.771]],"c":false}]},{"i":{"x":0.833,"y":0.896},"o":{"x":0.333,"y":0},"t":46.695,"s":[{"i":[[0,0],[-1.792,-0.706]],"o":[[0,0],[0,0]],"v":[[-58.96,23.604],[-55.478,24.306]],"c":false}]},{"i":{"x":0.667,"y":1},"o":{"x":0.167,"y":0.104},"t":57.244,"s":[{"i":[[0,0],[-1.732,-0.831]],"o":[[0,0],[0,0]],"v":[[-53.098,16.578],[-49.685,17.527]],"c":false}]},{"i":{"x":0.833,"y":0.896},"o":{"x":0.167,"y":0},"t":69.238,"s":[{"i":[[0,0],[-1.254,-1.462]],"o":[[0,0],[0,0]],"v":[[23.63,-6.438],[26.379,-4.188]],"c":false}]},{"i":{"x":0.667,"y":1},"o":{"x":0.167,"y":0.104},"t":82.119,"s":[{"i":[[0,0],[-1.838,-0.577]],"o":[[0,0],[0,0]],"v":[[-18.463,-6.712],[-14.941,-6.257]],"c":false}]},{"t":93.388671875,"s":[{"i":[[0,0],[-1.673,-0.956]],"o":[[0,0],[0,0]],"v":[[-1.672,-0.597],[1.672,0.597]],"c":false}]}],"ix":2},"nm":"Path 1","mn":"ADBE Vector Shape - Group","hd":false},{"ty":"st","c":{"a":0,"k":[0.494117647409,0.419607847929,0.992156863213,1],"ix":3},"o":{"a":0,"k":100,"ix":4},"w":{"a":0,"k":8,"ix":5},"lc":2,"lj":2,"bm":0,"nm":"Stroke 1","mn":"ADBE Vector Graphic - Stroke","hd":false},{"ty":"tr","p":{"a":0,"k":[225.98,47.074],"ix":2},"a":{"a":0,"k":[0,0],"ix":1},"s":{"a":0,"k":[100,100],"ix":3},"r":{"a":0,"k":0,"ix":6},"o":{"a":0,"k":100,"ix":7},"sk":{"a":0,"k":0,"ix":4},"sa":{"a":0,"k":0,"ix":5},"nm":"Transform"}],"nm":"Group 2","np":2,"cix":2,"bm":0,"ix":2,"mn":"ADBE Vector Group","hd":false},{"ty":"gr","it":[{"ind":0,"ty":"sh","ix":1,"ks":{"a":1,"k":[{"i":{"x":0.833,"y":0.896},"o":{"x":0.333,"y":0},"t":0,"s":[{"i":[[0,0],[-2.15,-2.628]],"o":[[0,0],[0,0]],"v":[[-2.389,-1.792],[2.389,1.792]],"c":false}]},{"i":{"x":0.667,"y":1},"o":{"x":0.167,"y":0.104},"t":10.961,"s":[{"i":[[0,0],[-3.197,-1.119]],"o":[[0,0],[0,0]],"v":[[-45.402,-0.647],[-39.471,-0.082]],"c":false}]},{"i":{"x":0.833,"y":0.896},"o":{"x":0.333,"y":0},"t":22.541,"s":[{"i":[[0,0],[-2.505,-2.292]],"o":[[0,0],[0,0]],"v":[[-61.968,14.957],[-56.725,17.818]],"c":false}]},{"i":{"x":0.667,"y":1},"o":{"x":0.167,"y":0.104},"t":35.422,"s":[{"i":[[0,0],[-1.527,-3.033]],"o":[[0,0],[0,0]],"v":[[-38.765,-3.437],[-34.881,1.102]],"c":false}]},{"i":{"x":0.833,"y":0.896},"o":{"x":0.333,"y":0},"t":46.695,"s":[{"i":[[0,0],[-2.505,-2.292]],"o":[[0,0],[0,0]],"v":[[-61.968,14.957],[-56.725,17.818]],"c":false}]},{"i":{"x":0.667,"y":1},"o":{"x":0.167,"y":0.104},"t":57.244,"s":[{"i":[[0,0],[-2.328,-2.46]],"o":[[0,0],[0,0]],"v":[[-57.783,3.957],[-52.772,7.18]],"c":false}]},{"i":{"x":0.833,"y":0.896},"o":{"x":0.167,"y":0},"t":69.238,"s":[{"i":[[0,0],[-1.142,-3.198]],"o":[[0,0],[0,0]],"v":[[23.927,10.823],[27.223,15.804]],"c":false}]},{"i":{"x":0.667,"y":1},"o":{"x":0.167,"y":0.104},"t":82.119,"s":[{"i":[[0,0],[-2.729,-2.021]],"o":[[0,0],[0,0]],"v":[[-22.231,-1.702],[-16.72,0.601]],"c":false}]},{"t":93.388671875,"s":[{"i":[[0,0],[-2.15,-2.628]],"o":[[0,0],[0,0]],"v":[[-2.389,-1.792],[2.389,1.792]],"c":false}]}],"ix":2},"nm":"Path 1","mn":"ADBE Vector Shape - Group","hd":false},{"ty":"st","c":{"a":0,"k":[0.494117647409,0.419607847929,0.992156863213,1],"ix":3},"o":{"a":0,"k":100,"ix":4},"w":{"a":0,"k":8,"ix":5},"lc":2,"lj":2,"bm":0,"nm":"Stroke 1","mn":"ADBE Vector Graphic - Stroke","hd":false},{"ty":"tr","p":{"a":0,"k":[279.496,36.114],"ix":2},"a":{"a":0,"k":[0,0],"ix":1},"s":{"a":0,"k":[100,100],"ix":3},"r":{"a":0,"k":0,"ix":6},"o":{"a":0,"k":100,"ix":7},"sk":{"a":0,"k":0,"ix":4},"sa":{"a":0,"k":0,"ix":5},"nm":"Transform"}],"nm":"Group 3","np":2,"cix":2,"bm":0,"ix":3,"mn":"ADBE Vector Group","hd":false},{"ty":"gr","it":[{"ind":0,"ty":"sh","ix":1,"ks":{"a":1,"k":[{"i":{"x":0.667,"y":1},"o":{"x":0.333,"y":0},"t":0,"s":[{"i":[[1.297,7.858],[24.346,-8.24],[-6.128,-7.458],[-20.558,7.118]],"o":[[-1.798,-10.897],[-24.347,8.24],[5.203,6.331],[20.558,-7.118]],"v":[[40.956,-10.451],[-9.278,-13.091],[-39.46,14.392],[8.889,13.468]],"c":true}]},{"i":{"x":0.667,"y":1},"o":{"x":0.333,"y":0},"t":22.541,"s":[{"i":[[0.599,7.942],[24.978,-6.061],[-5.447,-7.969],[-21.105,5.278]],"o":[[-0.83,-11.013],[-24.978,6.061],[4.624,6.765],[21.105,-5.278]],"v":[[106.094,-18.877],[56.289,-25.934],[23.801,-1.22],[72.044,2.122]],"c":true}]},{"i":{"x":0.667,"y":1},"o":{"x":0.333,"y":0},"t":46.695,"s":[{"i":[[0.599,7.942],[24.978,-6.061],[-5.447,-7.969],[-21.105,5.278]],"o":[[-0.83,-11.013],[-24.978,6.061],[4.624,6.765],[21.105,-5.278]],"v":[[106.094,-18.877],[56.289,-25.934],[23.801,-1.22],[72.044,2.122]],"c":true}]},{"i":{"x":0.667,"y":1},"o":{"x":0.167,"y":0},"t":69.238,"s":[{"i":[[1.297,7.858],[24.346,-8.24],[-6.128,-7.458],[-20.558,7.118]],"o":[[-1.798,-10.897],[-24.347,8.24],[5.203,6.331],[20.558,-7.118]],"v":[[40.956,-10.451],[-9.278,-13.091],[-39.46,14.392],[8.889,13.468]],"c":true}]},{"t":93.388671875,"s":[{"i":[[1.297,7.858],[24.346,-8.24],[-6.128,-7.458],[-20.558,7.118]],"o":[[-1.798,-10.897],[-24.347,8.24],[5.203,6.331],[20.558,-7.118]],"v":[[40.956,-10.451],[-9.278,-13.091],[-39.46,14.392],[8.889,13.468]],"c":true}]}],"ix":2},"nm":"Path 1","mn":"ADBE Vector Shape - Group","hd":false},{"ty":"fl","c":{"a":0,"k":[0.494117647409,0.419607847929,0.992156863213,1],"ix":4},"o":{"a":0,"k":100,"ix":5},"r":1,"bm":0,"nm":"Fill 1","mn":"ADBE Vector Graphic - Fill","hd":false},{"ty":"tr","p":{"a":0,"k":[197.132,89.751],"ix":2},"a":{"a":0,"k":[0,0],"ix":1},"s":{"a":0,"k":[100,100],"ix":3},"r":{"a":0,"k":0,"ix":6},"o":{"a":0,"k":100,"ix":7},"sk":{"a":0,"k":0,"ix":4},"sa":{"a":0,"k":0,"ix":5},"nm":"Transform"}],"nm":"Group 4","np":2,"cix":2,"bm":0,"ix":4,"mn":"ADBE Vector Group","hd":false},{"ty":"gr","it":[{"ind":0,"ty":"sh","ix":1,"ks":{"a":1,"k":[{"i":{"x":0.833,"y":0.896},"o":{"x":0.333,"y":0},"t":0,"s":[{"i":[[0,0],[-4.801,52.615],[-41.59,5.589],[-10.829,5.664],[-8.192,-9.589],[-15.458,4.637],[-11.433,-24.382],[-18.859,-50.073],[0,0],[48.005,-61.844],[52.229,44.626]],"o":[[-41.886,-9.841],[7.723,-84.63],[0,0],[11.77,-6.156],[0,0],[15.459,-4.638],[0,0],[18.859,50.073],[0,0],[-43.221,55.68],[-39.801,-34.006]],"v":[[-92.749,74.446],[-165.538,-28.653],[-27.873,-155.459],[-24.377,-175.959],[13.564,-160.206],[27.023,-189.485],[74.944,-151.225],[147.751,-82.636],[136.641,21.707],[147.033,139.072],[-52.761,163.464]],"c":true}]},{"i":{"x":0.667,"y":1},"o":{"x":0.167,"y":0.104},"t":10.961,"s":[{"i":[[0,0],[-9.129,51.853],[-23.566,6.22],[-8.941,15.96],[-19.841,-23.178],[-16.191,16.832],[-10.829,-20.455],[-28.852,-85.812],[0,0],[43.723,-59.095],[50.765,46.233]],"o":[[-35.573,-14.769],[10.548,-67.702],[0,0],[12.011,-21.912],[0,0],[12.426,-9.389],[0,0],[17.949,51.694],[0,0],[-41.821,56.713],[-39.527,-36.049]],"v":[[-83.658,73.697],[-146.504,-36.717],[-61.09,-131.434],[-82.16,-160.697],[-14.328,-154.306],[-15.521,-182.695],[35.611,-155.512],[167.407,-79.912],[145.368,21.067],[146.713,137.559],[-53.898,165.409]],"c":true}]},{"i":{"x":0.833,"y":0.896},"o":{"x":0.333,"y":0},"t":22.541,"s":[{"i":[[0,0],[-13.456,51.091],[-5.542,6.85],[-22.195,10.088],[-7.653,-8.514],[-9.15,3.797],[-0.892,-6.124],[-38.845,-121.551],[0,0],[39.441,-56.347],[49.301,47.841]],"o":[[-29.26,-19.697],[13.373,-50.775],[0,0],[14.628,-6.649],[0,0],[14.907,-6.186],[0,0],[17.038,53.315],[0,0],[-40.421,57.746],[-39.253,-38.091]],"v":[[-74.566,72.948],[-127.471,-44.781],[-94.307,-107.409],[-72.769,-162.372],[-42.221,-148.406],[-24.282,-172.631],[-3.722,-159.798],[187.062,-77.189],[154.096,20.426],[146.393,136.047],[-55.036,167.355]],"c":true}]},{"i":{"x":0.667,"y":1},"o":{"x":0.167,"y":0.104},"t":35.422,"s":[{"i":[[0,0],[-13.456,51.091],[-5.542,6.85],[-33.422,7.208],[5.214,-10.689],[-25.026,-0.166],[19.066,-10.093],[-38.845,-121.551],[0,0],[39.441,-56.347],[49.301,47.841]],"o":[[-29.26,-19.697],[13.373,-50.775],[0,0],[15.708,-3.387],[0,0],[16.139,0.107],[0,0],[17.038,53.315],[0,0],[-40.421,57.746],[-39.253,-38.091]],"v":[[-74.566,72.948],[-127.471,-44.781],[-94.307,-107.409],[-51.531,-177.497],[-42.221,-148.406],[2.127,-191.349],[-3.722,-159.798],[187.062,-77.189],[154.096,20.426],[146.393,136.047],[-55.036,167.355]],"c":true}]},{"i":{"x":0.833,"y":0.896},"o":{"x":0.333,"y":0},"t":46.695,"s":[{"i":[[0,0],[-13.456,51.091],[-5.542,6.85],[-22.195,10.088],[-7.653,-8.514],[-9.15,3.797],[-0.892,-6.124],[-38.845,-121.551],[0,0],[39.441,-56.347],[49.301,47.841]],"o":[[-29.26,-19.697],[13.373,-50.775],[0,0],[14.628,-6.649],[0,0],[14.907,-6.186],[0,0],[17.038,53.315],[0,0],[-40.421,57.746],[-39.253,-38.091]],"v":[[-74.566,72.948],[-127.471,-44.781],[-94.307,-107.409],[-72.769,-162.372],[-42.221,-148.406],[-24.282,-172.631],[-3.722,-159.798],[187.062,-77.189],[154.096,20.426],[146.393,136.047],[-55.036,167.355]],"c":true}]},{"i":{"x":0.667,"y":1},"o":{"x":0.167,"y":0.104},"t":57.244,"s":[{"i":[[0,0],[-9.129,51.853],[-23.566,6.22],[-16.512,7.876],[-7.922,-9.052],[-12.304,4.217],[-6.163,-15.253],[-28.852,-85.812],[0,0],[43.723,-59.095],[50.765,46.233]],"o":[[-35.573,-14.769],[10.548,-67.702],[0,0],[13.199,-6.403],[0,0],[15.183,-5.412],[0,0],[17.949,51.694],[0,0],[-41.821,56.713],[-39.527,-36.049]],"v":[[-83.658,73.697],[-146.504,-36.717],[-61.09,-131.434],[-71.355,-164.091],[-16.47,-152.606],[-24.234,-183.683],[35.611,-155.512],[167.407,-79.912],[145.368,21.067],[146.713,137.559],[-53.898,165.409]],"c":true}]},{"i":{"x":0.833,"y":0.896},"o":{"x":0.167,"y":0},"t":69.238,"s":[{"i":[[0,0],[-4.801,52.615],[-41.59,5.589],[-12.103,1.694],[-4.492,-11.785],[-16.118,-0.829],[0.339,-12.552],[-18.859,-50.073],[0,0],[48.005,-61.844],[52.229,44.626]],"o":[[-41.886,-9.841],[7.723,-84.63],[0,0],[13.155,-1.841],[0,0],[16.118,0.829],[0,0],[18.859,50.073],[0,0],[-43.221,55.68],[-39.801,-34.006]],"v":[[-92.749,74.446],[-165.538,-28.653],[-27.873,-155.459],[3.922,-184.522],[34.36,-156.932],[56.878,-179.984],[74.944,-151.225],[147.751,-82.636],[136.641,21.707],[147.033,139.072],[-52.761,163.464]],"c":true}]},{"i":{"x":0.667,"y":1},"o":{"x":0.167,"y":0.104},"t":82.119,"s":[{"i":[[0,0],[-4.801,52.615],[-41.59,5.589],[-9.373,7.842],[-22.456,-25.767],[-13.85,8.285],[-24.253,-34.228],[-18.859,-50.073],[0,0],[48.005,-61.844],[52.229,44.626]],"o":[[-41.886,-9.841],[7.723,-84.63],[0,0],[10.188,-8.524],[0,0],[13.85,-8.285],[0,0],[18.859,50.073],[0,0],[-43.221,55.68],[-39.801,-34.006]],"v":[[-92.749,74.446],[-165.538,-28.653],[-27.873,-155.459],[-42.508,-179.91],[13.564,-160.206],[12.389,-185.807],[74.944,-151.225],[147.751,-82.636],[136.641,21.707],[147.033,139.072],[-52.761,163.464]],"c":true}]},{"t":93.388671875,"s":[{"i":[[0,0],[-4.801,52.615],[-41.59,5.589],[-10.829,5.664],[-8.192,-9.589],[-15.458,4.637],[-11.433,-24.382],[-18.859,-50.073],[0,0],[48.005,-61.844],[52.229,44.626]],"o":[[-41.886,-9.841],[7.723,-84.63],[0,0],[11.77,-6.156],[0,0],[15.459,-4.638],[0,0],[18.859,50.073],[0,0],[-43.221,55.68],[-39.801,-34.006]],"v":[[-92.749,74.446],[-165.538,-28.653],[-27.873,-155.459],[-24.377,-175.959],[13.564,-160.206],[27.023,-189.485],[74.944,-151.225],[147.751,-82.636],[136.641,21.707],[147.033,139.072],[-52.761,163.464]],"c":true}]}],"ix":2},"nm":"Path 1","mn":"ADBE Vector Shape - Group","hd":false},{"ty":"st","c":{"a":0,"k":[0.447058826685,0.250980407,0.992156863213,1],"ix":3},"o":{"a":0,"k":100,"ix":4},"w":{"a":0,"k":10,"ix":5},"lc":2,"lj":2,"bm":0,"nm":"Stroke 1","mn":"ADBE Vector Graphic - Stroke","hd":false},{"ty":"tr","p":{"a":0,"k":[239.323,215.143],"ix":2},"a":{"a":0,"k":[0,0],"ix":1},"s":{"a":0,"k":[100,100],"ix":3},"r":{"a":0,"k":0,"ix":6},"o":{"a":0,"k":100,"ix":7},"sk":{"a":0,"k":0,"ix":4},"sa":{"a":0,"k":0,"ix":5},"nm":"Transform"}],"nm":"Group 5","np":2,"cix":2,"bm":0,"ix":5,"mn":"ADBE Vector Group","hd":false},{"ty":"gr","it":[{"ind":0,"ty":"sh","ix":1,"ks":{"a":1,"k":[{"i":{"x":0.833,"y":0.896},"o":{"x":0.333,"y":0},"t":0,"s":[{"i":[[3.74,-18.5],[0,0],[49.77,-1.43],[-0.34,-36.8],[0,0],[32.77,2.156],[0,0],[0,0],[-40.68,5.47],[-10.83,5.67],[-8.19,-9.59],[-15.46,4.63],[-11.44,-24.39],[-18.85,-50.08]],"o":[[0,0],[15.75,-72.54],[-49.76,1.43],[0,0],[0,0],[-47.392,-3.118],[0,0],[10.95,-80.74],[0,0],[11.77,-6.15],[0,0],[15.45,-4.64],[0,0],[8.16,21.65]],"v":[[155.659,82.668],[149.929,87.488],[49.819,-37.372],[-7.201,56.228],[-59.851,68.578],[-91.441,1.118],[-156.441,68.578],[-158.451,68.578],[-23.401,-52.752],[-19.901,-73.252],[18.039,-57.492],[31.499,-86.772],[79.419,-48.512],[152.22,20.078]],"c":true}]},{"i":{"x":0.667,"y":1},"o":{"x":0.167,"y":0.104},"t":10.961,"s":[{"i":[[4.331,-18.361],[0,0],[47.493,-0.425],[-3.045,-25.751],[0,0],[38.342,0.838],[-16.063,-31.276],[0,0],[-22.996,5.828],[-8.817,15.715],[-19.757,-23.748],[-15.264,16.16],[-6.667,-15.71],[-28.062,-85.921]],"o":[[0,0],[19.271,-74.209],[-52.708,0.358],[0,0],[0,0],[-56.527,-1.199],[2.978,5.798],[-17.742,-77.755],[0,0],[12.56,-22.606],[0,0],[13.217,-10.971],[0,0],[7.466,21.887]],"v":[[172.569,82.942],[167.421,90.068],[79.384,-39.814],[38.175,42.985],[-12.314,60.475],[-62.627,-6.348],[-137.565,101.064],[-139.604,104.074],[-56.618,-28.727],[-77.687,-57.992],[-9.853,-51.593],[-11.044,-79.985],[40.087,-52.799],[171.875,22.801]],"c":true}]},{"i":{"x":0.833,"y":0.896},"o":{"x":0.333,"y":0},"t":22.541,"s":[{"i":[[4.921,-18.221],[0,0],[45.216,0.581],[-5.75,-14.701],[0,0],[43.914,-0.481],[-32.126,-62.551],[0,0],[-5.311,6.185],[-21.708,9.824],[-8.27,-8.635],[-9.775,4.236],[-1.893,-7.03],[-37.274,-121.762]],"o":[[0,0],[22.793,-75.879],[-55.656,-0.715],[0,0],[0,0],[-65.662,0.719],[5.955,11.596],[-46.435,-74.77],[0,0],[14.98,-6.779],[0,0],[14.801,-6.415],[0,0],[6.772,22.123]],"v":[[189.48,83.217],[184.912,92.648],[108.949,-42.256],[83.55,29.742],[35.223,52.372],[-33.813,-13.813],[-107.382,129.341],[-109.448,135.361],[-89.835,-4.702],[-68.293,-59.666],[-37.745,-45.693],[-19.804,-69.918],[0.754,-57.085],[191.53,25.525]],"c":true}]},{"i":{"x":0.667,"y":1},"o":{"x":0.167,"y":0.104},"t":35.422,"s":[{"i":[[4.921,-18.221],[0,0],[45.216,0.581],[-5.75,-14.701],[0,0],[43.914,-0.481],[-32.126,-62.551],[0,0],[-5.311,6.185],[-35.285,7.241],[5.645,-10.901],[-23.727,-0.797],[21.686,-10.206],[-37.274,-121.762]],"o":[[0,0],[22.793,-75.879],[-55.656,-0.715],[0,0],[0,0],[-65.662,0.719],[5.955,11.596],[-46.435,-74.77],[0,0],[16.106,-3.305],[0,0],[16.122,0.542],[0,0],[6.772,22.123]],"v":[[189.48,83.217],[184.912,92.648],[108.949,-42.256],[83.55,29.742],[35.223,52.372],[-33.813,-13.813],[-107.382,129.341],[-109.448,135.361],[-89.835,-4.702],[-47.054,-74.789],[-37.745,-45.693],[6.603,-88.635],[0.754,-57.085],[191.53,25.525]],"c":true}]},{"i":{"x":0.833,"y":0.896},"o":{"x":0.333,"y":0},"t":46.695,"s":[{"i":[[4.921,-18.221],[0,0],[45.216,0.581],[-5.75,-14.701],[0,0],[43.914,-0.481],[-32.126,-62.551],[0,0],[-5.311,6.185],[-21.708,9.824],[-8.27,-8.635],[-9.775,4.236],[-1.893,-7.03],[-37.274,-121.762]],"o":[[0,0],[22.793,-75.879],[-55.656,-0.715],[0,0],[0,0],[-65.662,0.719],[5.955,11.596],[-46.435,-74.77],[0,0],[14.98,-6.779],[0,0],[14.801,-6.415],[0,0],[6.772,22.123]],"v":[[189.48,83.217],[184.912,92.648],[108.949,-42.256],[83.55,29.742],[35.223,52.372],[-33.813,-13.813],[-107.382,129.341],[-109.448,135.361],[-89.835,-4.702],[-68.293,-59.666],[-37.745,-45.693],[-19.804,-69.918],[0.754,-57.085],[191.53,25.525]],"c":true}]},{"i":{"x":0.667,"y":1},"o":{"x":0.167,"y":0.104},"t":57.244,"s":[{"i":[[4.331,-18.361],[0,0],[47.493,-0.425],[-3.045,-25.751],[0,0],[38.342,0.837],[-16.063,-31.276],[0,0],[-22.996,5.828],[-16.269,7.747],[-8.23,-9.112],[-12.617,4.433],[-6.667,-15.71],[-28.062,-85.921]],"o":[[0,0],[19.271,-74.209],[-52.708,0.358],[0,0],[0,0],[-56.527,-1.199],[2.978,5.798],[-17.742,-77.755],[0,0],[13.375,-6.465],[0,0],[15.126,-5.527],[0,0],[7.466,21.887]],"v":[[172.569,82.942],[167.421,90.068],[79.384,-39.814],[38.175,42.985],[-12.314,60.475],[-62.627,-6.348],[-138.569,100.019],[-140.608,103.029],[-56.618,-28.727],[-66.879,-61.384],[-11.994,-49.893],[-19.757,-80.97],[40.087,-52.799],[171.875,22.801]],"c":true}]},{"i":{"x":0.833,"y":0.896},"o":{"x":0.167,"y":0},"t":69.238,"s":[{"i":[[3.74,-18.5],[0,0],[49.77,-1.43],[-0.34,-36.8],[0,0],[32.77,2.156],[0,0],[0,0],[-40.68,5.47],[-12.107,1.69],[-4.49,-11.785],[-16.117,-0.824],[0.05,-12.088],[-18.85,-50.08]],"o":[[0,0],[15.75,-72.54],[-49.76,1.43],[0,0],[0,0],[-47.392,-3.118],[0,0],[10.95,-80.74],[0,0],[13.152,-1.836],[0,0],[16.111,0.823],[0,0],[8.16,21.65]],"v":[[155.659,82.668],[149.929,87.488],[49.819,-37.372],[-7.201,56.228],[-59.851,68.578],[-91.441,1.118],[-156.441,68.578],[-158.451,68.578],[-23.401,-52.752],[8.4,-81.814],[38.834,-54.217],[61.353,-77.269],[79.419,-48.512],[152.22,20.078]],"c":true}]},{"i":{"x":0.667,"y":1},"o":{"x":0.167,"y":0.104},"t":82.119,"s":[{"i":[[3.74,-18.5],[0,0],[49.77,-1.43],[-0.34,-36.8],[0,0],[32.77,2.156],[0,0],[0,0],[-40.68,5.47],[-9.379,7.841],[-23.672,-26.274],[-13.847,8.289],[-23.525,-33.721],[-18.85,-50.08]],"o":[[0,0],[15.75,-72.54],[-49.76,1.43],[0,0],[0,0],[-47.392,-3.118],[0,0],[10.95,-80.74],[0,0],[10.189,-8.518],[0,0],[13.841,-8.285],[0,0],[8.16,21.65]],"v":[[155.659,82.668],[149.929,87.488],[49.819,-37.372],[-7.201,56.228],[-59.851,68.578],[-91.441,1.118],[-156.441,68.578],[-158.451,68.578],[-23.401,-52.752],[-38.032,-77.204],[18.039,-57.492],[16.866,-83.095],[79.419,-48.512],[152.22,20.078]],"c":true}]},{"t":93.388671875,"s":[{"i":[[3.74,-18.5],[0,0],[49.77,-1.43],[-0.34,-36.8],[0,0],[32.77,2.156],[0,0],[0,0],[-40.68,5.47],[-10.83,5.67],[-8.19,-9.59],[-15.46,4.63],[-11.44,-24.39],[-18.85,-50.08]],"o":[[0,0],[15.75,-72.54],[-49.76,1.43],[0,0],[0,0],[-47.392,-3.118],[0,0],[10.95,-80.74],[0,0],[11.77,-6.15],[0,0],[15.45,-4.64],[0,0],[8.16,21.65]],"v":[[155.659,82.668],[149.929,87.488],[49.819,-37.372],[-7.201,56.228],[-59.851,68.578],[-91.441,1.118],[-156.441,68.578],[-158.451,68.578],[-23.401,-52.752],[-19.901,-73.252],[18.039,-57.492],[31.499,-86.772],[79.419,-48.512],[152.22,20.078]],"c":true}]}],"ix":2},"nm":"Path 1","mn":"ADBE Vector Shape - Group","hd":false},{"ty":"fl","c":{"a":0,"k":[0.447058826685,0.250980407,0.992156863213,1],"ix":4},"o":{"a":0,"k":100,"ix":5},"r":1,"bm":0,"nm":"Fill 1","mn":"ADBE Vector Graphic - Fill","hd":false},{"ty":"tr","p":{"a":0,"k":[234.851,112.432],"ix":2},"a":{"a":0,"k":[0,0],"ix":1},"s":{"a":0,"k":[100,100],"ix":3},"r":{"a":0,"k":0,"ix":6},"o":{"a":0,"k":100,"ix":7},"sk":{"a":0,"k":0,"ix":4},"sa":{"a":0,"k":0,"ix":5},"nm":"Transform"}],"nm":"Group 6","np":2,"cix":2,"bm":0,"ix":6,"mn":"ADBE Vector Group","hd":false},{"ty":"gr","it":[{"ind":0,"ty":"sh","ix":1,"ks":{"a":1,"k":[{"i":{"x":0.833,"y":0.896},"o":{"x":0.333,"y":0},"t":0,"s":[{"i":[[0,0],[-4.801,52.615],[-41.59,5.589],[-10.829,5.664],[-8.192,-9.589],[-15.458,4.637],[-11.433,-24.382],[-18.859,-50.073],[0,0],[45.579,-63.654],[47.868,40.246]],"o":[[-41.886,-9.841],[7.723,-84.63],[0,0],[11.77,-6.156],[0,0],[15.459,-4.638],[0,0],[18.859,50.073],[0,0],[-39.925,55.757],[-40.069,-33.689]],"v":[[-92.217,75.992],[-165.006,-27.107],[-27.34,-153.912],[-23.845,-174.412],[14.096,-158.659],[27.555,-187.938],[75.476,-149.678],[148.284,-81.089],[137.173,23.254],[147.566,140.619],[-53.229,163.011]],"c":true}]},{"i":{"x":0.667,"y":1},"o":{"x":0.167,"y":0.104},"t":10.961,"s":[{"i":[[0,0],[-9.461,51.763],[-23.679,6.274],[-8.928,15.649],[-19.379,-23.311],[-15.506,17.042],[-6.653,-16.544],[-28.841,-86.93],[0,0],[42.452,-59.833],[49.538,46.739]],"o":[[-34.702,-12.412],[10.824,-67.42],[0,0],[12.864,-22.427],[0,0],[11.979,-10.074],[0,0],[17.804,51.74],[0,0],[-39.665,55.941],[-38.181,-35.708]],"v":[[-83.125,75.244],[-145.972,-35.17],[-60.558,-129.887],[-81.628,-159.151],[-13.796,-152.759],[-14.989,-181.148],[36.143,-153.965],[167.939,-78.365],[145.9,22.614],[147.245,139.106],[-54.366,164.956]],"c":true}]},{"i":{"x":0.833,"y":0.896},"o":{"x":0.333,"y":0},"t":22.541,"s":[{"i":[[0,0],[-14.121,50.912],[-5.767,6.96],[-21.814,9.595],[-7.878,-8.405],[-9.767,3.959],[-1.873,-8.705],[-38.823,-123.787],[0,0],[39.326,-56.013],[51.207,53.232]],"o":[[-27.518,-14.983],[13.926,-50.21],[0,0],[15.185,-6.679],[0,0],[14.958,-6.063],[0,0],[16.75,53.406],[0,0],[-39.406,56.125],[-36.292,-37.728]],"v":[[-74.034,74.495],[-126.939,-43.234],[-93.775,-105.862],[-72.236,-160.825],[-41.689,-146.859],[-23.75,-171.084],[-3.19,-158.251],[187.594,-75.642],[154.628,21.973],[146.925,137.594],[-55.504,166.902]],"c":true}]},{"i":{"x":0.667,"y":1},"o":{"x":0.167,"y":0.104},"t":35.422,"s":[{"i":[[0,0],[-14.121,50.912],[-5.767,6.96],[-32.898,5.516],[5.552,-9.988],[-25.042,-1.31],[22.237,-10.179],[-38.823,-123.787],[0,0],[39.326,-56.013],[51.207,53.232]],"o":[[-27.518,-14.983],[13.926,-50.21],[0,0],[16.361,-2.743],[0,0],[16.117,0.843],[0,0],[16.75,53.406],[0,0],[-39.406,56.125],[-36.292,-37.728]],"v":[[-74.034,74.495],[-126.939,-43.234],[-93.775,-105.862],[-50.998,-175.95],[-41.689,-146.859],[2.659,-189.802],[-3.19,-158.251],[187.594,-75.642],[154.628,21.973],[146.925,137.594],[-55.504,166.902]],"c":true}]},{"i":{"x":0.833,"y":0.896},"o":{"x":0.333,"y":0},"t":46.695,"s":[{"i":[[0,0],[-14.121,50.912],[-5.767,6.96],[-21.814,9.595],[-7.878,-8.405],[-9.767,3.959],[-1.873,-8.705],[-38.823,-123.787],[0,0],[39.326,-56.013],[51.207,53.232]],"o":[[-27.518,-14.983],[13.926,-50.21],[0,0],[15.185,-6.679],[0,0],[14.958,-6.063],[0,0],[16.75,53.406],[0,0],[-39.406,56.125],[-36.292,-37.728]],"v":[[-74.034,74.495],[-126.939,-43.234],[-93.775,-105.862],[-72.236,-160.825],[-41.689,-146.859],[-23.75,-171.084],[-3.19,-158.251],[187.594,-75.642],[154.628,21.973],[146.925,137.594],[-55.504,166.902]],"c":true}]},{"i":{"x":0.667,"y":1},"o":{"x":0.167,"y":0.104},"t":57.244,"s":[{"i":[[0,0],[-9.461,51.764],[-23.679,6.274],[-16.322,7.629],[-8.035,-8.997],[-12.613,4.298],[-6.653,-16.544],[-28.841,-86.93],[0,0],[42.452,-59.833],[49.538,46.739]],"o":[[-34.702,-12.412],[10.824,-67.42],[0,0],[13.478,-6.418],[0,0],[15.208,-5.35],[0,0],[17.804,51.74],[0,0],[-39.665,55.941],[-38.181,-35.708]],"v":[[-83.125,75.244],[-145.972,-35.17],[-60.558,-129.887],[-70.823,-162.544],[-15.937,-151.059],[-23.702,-182.136],[36.143,-153.965],[167.939,-78.365],[145.9,22.614],[147.245,139.106],[-54.366,164.956]],"c":true}]},{"i":{"x":0.833,"y":0.896},"o":{"x":0.167,"y":0},"t":69.238,"s":[{"i":[[0,0],[-4.801,52.615],[-41.59,5.589],[-12.103,1.694],[-4.492,-11.785],[-16.118,-0.829],[-0.106,-14.019],[-18.859,-50.073],[0,0],[45.579,-63.654],[47.868,40.246]],"o":[[-41.886,-9.841],[7.723,-84.63],[0,0],[13.155,-1.841],[0,0],[16.118,0.829],[0,0],[18.859,50.073],[0,0],[-39.925,55.757],[-40.069,-33.689]],"v":[[-92.217,75.992],[-165.006,-27.107],[-27.34,-153.912],[4.454,-182.975],[34.892,-155.385],[57.41,-178.437],[75.476,-149.678],[148.284,-81.089],[137.173,23.254],[147.566,140.619],[-53.229,163.011]],"c":true}]},{"i":{"x":0.667,"y":1},"o":{"x":0.167,"y":0.104},"t":82.119,"s":[{"i":[[0,0],[-4.801,52.615],[-41.59,5.589],[-9.373,7.842],[-21.368,-25.522],[-13.85,8.285],[-23.977,-31.637],[-18.859,-50.073],[0,0],[45.579,-63.654],[47.868,40.246]],"o":[[-41.886,-9.841],[7.723,-84.63],[0,0],[10.188,-8.524],[0,0],[13.85,-8.285],[0,0],[18.859,50.073],[0,0],[-39.925,55.757],[-40.069,-33.689]],"v":[[-92.217,75.992],[-165.006,-27.107],[-27.34,-153.912],[-41.975,-178.363],[14.096,-158.659],[12.921,-184.26],[75.476,-149.678],[148.284,-81.089],[137.173,23.254],[147.566,140.619],[-53.229,163.011]],"c":true}]},{"t":93.388671875,"s":[{"i":[[0,0],[-4.801,52.615],[-41.59,5.589],[-10.829,5.664],[-8.192,-9.589],[-15.458,4.637],[-11.433,-24.382],[-18.859,-50.073],[0,0],[45.579,-63.654],[47.868,40.246]],"o":[[-41.886,-9.841],[7.723,-84.63],[0,0],[11.77,-6.156],[0,0],[15.459,-4.638],[0,0],[18.859,50.073],[0,0],[-39.925,55.757],[-40.069,-33.689]],"v":[[-92.217,75.992],[-165.006,-27.107],[-27.34,-153.912],[-23.845,-174.412],[14.096,-158.659],[27.555,-187.938],[75.476,-149.678],[148.284,-81.089],[137.173,23.254],[147.566,140.619],[-53.229,163.011]],"c":true}]}],"ix":2},"nm":"Path 1","mn":"ADBE Vector Shape - Group","hd":false},{"ty":"fl","c":{"a":0,"k":[1,1,1,1],"ix":4},"o":{"a":0,"k":100,"ix":5},"r":1,"bm":0,"nm":"Fill 1","mn":"ADBE Vector Graphic - Fill","hd":false},{"ty":"tr","p":{"a":0,"k":[238.79,213.596],"ix":2},"a":{"a":0,"k":[0,0],"ix":1},"s":{"a":0,"k":[100,100],"ix":3},"r":{"a":0,"k":0,"ix":6},"o":{"a":0,"k":100,"ix":7},"sk":{"a":0,"k":0,"ix":4},"sa":{"a":0,"k":0,"ix":5},"nm":"Transform"}],"nm":"Group 7","np":2,"cix":2,"bm":0,"ix":7,"mn":"ADBE Vector Group","hd":false},{"ty":"gr","it":[{"ind":0,"ty":"sh","ix":1,"ks":{"a":1,"k":[{"i":{"x":0.833,"y":0.833},"o":{"x":0.333,"y":0},"t":0,"s":[{"i":[[0,0],[-3.197,-2.842],[23.412,-15.758]],"o":[[6.959,18.538],[3.197,2.842],[0,0]],"v":[[-15.979,-29.237],[15.319,-12.2],[-13.136,29.237]],"c":true}]},{"i":{"x":0.833,"y":0.833},"o":{"x":0.167,"y":0.167},"t":10.961,"s":[{"i":[[0,0],[-3.197,-2.842],[23.412,-15.758]],"o":[[6.959,18.538],[3.197,2.842],[0,0]],"v":[[-130.264,1.52],[-98.965,18.557],[-127.421,59.994]],"c":true}]},{"i":{"x":0.667,"y":1},"o":{"x":0.167,"y":0.167},"t":12.18,"s":[{"i":[[0,0],[3.696,-2.842],[-27.066,-15.758]],"o":[[-8.046,18.538],[-3.696,2.842],[0,0]],"v":[[-103.381,-4.061],[-139.565,12.975],[-106.668,54.413]],"c":true}]},{"i":{"x":0.667,"y":1},"o":{"x":0.333,"y":0},"t":22.541,"s":[{"i":[[0,0],[1.599,-4.011],[-28.372,-3.18]],"o":[[2.148,19.727],[-1.599,4.011],[0,0]],"v":[[-252.434,27.697],[-273.001,57.364],[-228.364,81.066]],"c":true}]},{"i":{"x":0.833,"y":0.833},"o":{"x":0.333,"y":0},"t":46.695,"s":[{"i":[[0,0],[1.599,-4.011],[-28.372,-3.18]],"o":[[2.148,19.727],[-1.599,4.011],[0,0]],"v":[[-252.434,27.697],[-273.001,57.364],[-228.364,81.066]],"c":true}]},{"i":{"x":0.833,"y":0.833},"o":{"x":0.167,"y":0.167},"t":57.244,"s":[{"i":[[0,0],[3.696,-2.842],[-27.066,-15.758]],"o":[[-8.046,18.538],[-3.696,2.842],[0,0]],"v":[[-103.381,-4.061],[-139.565,12.975],[-106.668,54.413]],"c":true}]},{"i":{"x":0.667,"y":1},"o":{"x":0.167,"y":0.167},"t":58.461,"s":[{"i":[[0,0],[-3.197,-2.842],[23.412,-15.758]],"o":[[6.959,18.538],[3.197,2.842],[0,0]],"v":[[-130.264,1.52],[-98.965,18.557],[-127.421,59.994]],"c":true}]},{"i":{"x":0.667,"y":1},"o":{"x":0.167,"y":0},"t":69.238,"s":[{"i":[[0,0],[-3.197,-2.842],[23.412,-15.758]],"o":[[6.959,18.538],[3.197,2.842],[0,0]],"v":[[-15.979,-29.237],[15.319,-12.2],[-13.136,29.237]],"c":true}]},{"t":93.388671875,"s":[{"i":[[0,0],[-3.197,-2.842],[23.412,-15.758]],"o":[[6.959,18.538],[3.197,2.842],[0,0]],"v":[[-15.979,-29.237],[15.319,-12.2],[-13.136,29.237]],"c":true}]}],"ix":2},"nm":"Path 1","mn":"ADBE Vector Shape - Group","hd":false},{"ty":"st","c":{"a":0,"k":[0.447058826685,0.250980407,0.992156863213,1],"ix":3},"o":{"a":0,"k":100,"ix":4},"w":{"a":0,"k":10,"ix":5},"lc":2,"lj":2,"bm":0,"nm":"Stroke 1","mn":"ADBE Vector Graphic - Stroke","hd":false},{"ty":"fl","c":{"a":0,"k":[0.447058826685,0.250980407,0.992156863213,1],"ix":4},"o":{"a":0,"k":100,"ix":5},"r":1,"bm":0,"nm":"Fill 1","mn":"ADBE Vector Graphic - Fill","hd":false},{"ty":"tr","p":{"a":0,"k":[413.251,298.479],"ix":2},"a":{"a":0,"k":[0,0],"ix":1},"s":{"a":0,"k":[100,100],"ix":3},"r":{"a":0,"k":0,"ix":6},"o":{"a":0,"k":100,"ix":7},"sk":{"a":0,"k":0,"ix":4},"sa":{"a":0,"k":0,"ix":5},"nm":"Transform"}],"nm":"Group 8","np":3,"cix":2,"bm":0,"ix":8,"mn":"ADBE Vector Group","hd":false}],"ip":0,"op":180,"st":0,"bm":0},{"ddd":0,"ind":12,"ty":4,"nm":"Left Leg","parent":1,"sr":1,"ks":{"o":{"a":0,"k":100,"ix":11},"r":{"a":1,"k":[{"i":{"x":[0.667],"y":[1]},"o":{"x":[0.333],"y":[0]},"t":0,"s":[0]},{"i":{"x":[0.667],"y":[1]},"o":{"x":[0.333],"y":[0]},"t":11.271,"s":[0]},{"i":{"x":[0.667],"y":[1]},"o":{"x":[0.333],"y":[0]},"t":22.541,"s":[53]},{"i":{"x":[0.667],"y":[1]},"o":{"x":[0.333],"y":[0]},"t":46.695,"s":[70]},{"i":{"x":[0.667],"y":[1]},"o":{"x":[0.333],"y":[0]},"t":57.967,"s":[-8]},{"t":93.388671875,"s":[0]}],"ix":10},"p":{"a":1,"k":[{"i":{"x":0.667,"y":1},"o":{"x":0.333,"y":0},"t":0,"s":[-104.107,-71.957,0],"to":[0,0,0],"ti":[0,0,0]},{"i":{"x":0.667,"y":1},"o":{"x":0.333,"y":0},"t":11.271,"s":[-104.107,-67.149,0],"to":[0,0,0],"ti":[0,0,0]},{"i":{"x":0.667,"y":1},"o":{"x":0.333,"y":0},"t":22.541,"s":[-150.369,-110.082,0],"to":[0,0,0],"ti":[0,0,0]},{"i":{"x":0.667,"y":1},"o":{"x":0.333,"y":0},"t":46.695,"s":[-160.315,-115.514,0],"to":[0,0,0],"ti":[0,0,0]},{"i":{"x":0.667,"y":1},"o":{"x":0.333,"y":0},"t":57.967,"s":[-119.011,-69.553,0],"to":[0,0,0],"ti":[0,0,0]},{"t":93.388671875,"s":[-104.107,-71.957,0]}],"ix":2,"l":2},"a":{"a":0,"k":[240.643,394.447,0],"ix":1,"l":2},"s":{"a":0,"k":[100,100,100],"ix":6,"l":2}},"ao":0,"shapes":[{"ty":"gr","it":[{"ind":0,"ty":"sh","ix":1,"ks":{"a":1,"k":[{"i":{"x":0.667,"y":1},"o":{"x":0.333,"y":0},"t":0,"s":[{"i":[[0,0],[-1.041,1.524]],"o":[[0,0],[0,0]],"v":[[27.659,0.027],[28.842,-3.235]],"c":false}]},{"i":{"x":0.667,"y":1},"o":{"x":0.333,"y":0},"t":11.271,"s":[{"i":[[0,0],[-0.938,1.589]],"o":[[0,0],[0,0]],"v":[[29.279,-0.535],[30.244,-3.868]],"c":false}]},{"i":{"x":0.667,"y":1},"o":{"x":0.333,"y":0},"t":22.541,"s":[{"i":[[0,0],[-1,0.519]],"o":[[0,0],[0,0]],"v":[[9.307,2.182],[10.657,0.906]],"c":false}]},{"i":{"x":0.667,"y":1},"o":{"x":0.333,"y":0},"t":46.695,"s":[{"i":[[0,0],[-1.143,0.594]],"o":[[0,0],[0,0]],"v":[[8.252,2.543],[9.795,1.085]],"c":false}]},{"i":{"x":0.667,"y":1},"o":{"x":0.333,"y":0},"t":57.967,"s":[{"i":[[0,0],[-1.667,2.202]],"o":[[0,0],[0,0]],"v":[[9.163,22.161],[11.167,17.372]],"c":false}]},{"t":93.388671875,"s":[{"i":[[0,0],[-1.041,1.524]],"o":[[0,0],[0,0]],"v":[[27.659,0.027],[28.842,-3.235]],"c":false}]}],"ix":2},"nm":"Path 1","mn":"ADBE Vector Shape - Group","hd":false},{"ty":"st","c":{"a":0,"k":[1,0.694117665291,0.392156869173,1],"ix":3},"o":{"a":0,"k":100,"ix":4},"w":{"a":0,"k":8,"ix":5},"lc":2,"lj":2,"bm":0,"nm":"Stroke 1","mn":"ADBE Vector Graphic - Stroke","hd":false},{"ty":"tr","p":{"a":0,"k":[213.767,448.262],"ix":2},"a":{"a":0,"k":[0,0],"ix":1},"s":{"a":0,"k":[100,100],"ix":3},"r":{"a":0,"k":0,"ix":6},"o":{"a":0,"k":100,"ix":7},"sk":{"a":0,"k":0,"ix":4},"sa":{"a":0,"k":0,"ix":5},"nm":"Transform"}],"nm":"Group 1","np":2,"cix":2,"bm":0,"ix":1,"mn":"ADBE Vector Group","hd":false},{"ty":"gr","it":[{"ind":0,"ty":"sh","ix":1,"ks":{"a":1,"k":[{"i":{"x":0.667,"y":1},"o":{"x":0.333,"y":0},"t":0,"s":[{"i":[[0,0],[-2.715,2.674]],"o":[[0,0],[0,0]],"v":[[15.636,14.397],[18.902,9.291]],"c":false}]},{"i":{"x":0.667,"y":1},"o":{"x":0.333,"y":0},"t":11.271,"s":[{"i":[[0,0],[-2.532,2.848]],"o":[[0,0],[0,0]],"v":[[16.934,15.09],[19.855,9.779]],"c":false}]},{"i":{"x":0.667,"y":1},"o":{"x":0.333,"y":0},"t":22.541,"s":[{"i":[[0,0],[-3.636,0.265]],"o":[[0,0],[0,0]],"v":[[3.148,4.87],[8.694,3.175]],"c":false}]},{"i":{"x":0.667,"y":1},"o":{"x":0.333,"y":0},"t":46.695,"s":[{"i":[[0,0],[-4.156,0.303]],"o":[[0,0],[0,0]],"v":[[0.249,2.777],[6.587,0.84]],"c":false}]},{"i":{"x":0.667,"y":1},"o":{"x":0.333,"y":0},"t":57.967,"s":[{"i":[[0,0],[-4.252,3.8]],"o":[[0,0],[0,0]],"v":[[-11.745,32.462],[-6.493,25.066]],"c":false}]},{"t":93.388671875,"s":[{"i":[[0,0],[-2.715,2.674]],"o":[[0,0],[0,0]],"v":[[15.636,14.397],[18.902,9.291]],"c":false}]}],"ix":2},"nm":"Path 1","mn":"ADBE Vector Shape - Group","hd":false},{"ty":"st","c":{"a":0,"k":[1,0.694117665291,0.392156869173,1],"ix":3},"o":{"a":0,"k":100,"ix":4},"w":{"a":0,"k":8,"ix":5},"lc":2,"lj":2,"bm":0,"nm":"Stroke 1","mn":"ADBE Vector Graphic - Stroke","hd":false},{"ty":"tr","p":{"a":0,"k":[207.025,428.405],"ix":2},"a":{"a":0,"k":[0,0],"ix":1},"s":{"a":0,"k":[100,100],"ix":3},"r":{"a":0,"k":0,"ix":6},"o":{"a":0,"k":100,"ix":7},"sk":{"a":0,"k":0,"ix":4},"sa":{"a":0,"k":0,"ix":5},"nm":"Transform"}],"nm":"Group 2","np":2,"cix":2,"bm":0,"ix":2,"mn":"ADBE Vector Group","hd":false},{"ty":"gr","it":[{"ind":0,"ty":"sh","ix":1,"ks":{"a":1,"k":[{"i":{"x":0.667,"y":1},"o":{"x":0.333,"y":0},"t":0,"s":[{"i":[[0,0],[0.084,11.395],[0,0],[-2.259,-9.592],[0,0],[-16.015,-5.956],[0,0],[-11.298,2.079]],"o":[[10.668,-1.146],[-0.109,-14.651],[0,0],[4.614,19.595],[0,0],[9.004,3.349],[0,0],[0,0]],"v":[[23.81,39.644],[35.568,9.472],[28.39,-33.023],[-7.736,-38.98],[1.323,2.693],[-6.355,34.523],[6.933,31.163],[21.562,40.097]],"c":false}]},{"i":{"x":0.667,"y":1},"o":{"x":0.333,"y":0},"t":11.271,"s":[{"i":[[0,0],[0.839,11.364],[0,0],[-2.259,-9.592],[0,0],[-16.374,-4.883],[0,0],[-11.136,2.822]],"o":[[10.568,-1.849],[-1.078,-14.612],[0,0],[4.614,19.595],[0,0],[9.206,2.745],[0,0],[0,0]],"v":[[26.243,38.49],[35.977,7.607],[28.39,-33.023],[-7.736,-38.98],[1.358,3.109],[-4.196,35.378],[8.841,31.146],[24.029,39.091]],"c":false}]},{"i":{"x":0.667,"y":1},"o":{"x":0.333,"y":0},"t":22.541,"s":[{"i":[[-1.28,-2.69],[-3.271,13.471],[0,0],[-2.364,-9.567],[0,0],[0.957,-15.016],[0,0],[-3.214,-8.373]],"o":[[6.806,14.303],[3.023,-12.447],[0,0],[4.282,17.327],[0,0],[-0.359,5.637],[0,0],[0,0]],"v":[[-24.379,39.519],[33.312,23.041],[33.077,-34.946],[-6.56,-39.123],[-1.342,0.48],[-25.803,14.632],[-19.484,23.075],[-24.491,39.187]],"c":false}]},{"i":{"x":0.667,"y":1},"o":{"x":0.333,"y":0},"t":46.695,"s":[{"i":[[-1.463,-3.075],[-3.739,15.396],[0,0],[-2.364,-9.567],[0,0],[1.094,-17.163],[0,0],[-3.673,-9.57]],"o":[[7.778,16.347],[3.455,-14.226],[0,0],[4.282,17.327],[0,0],[-0.41,6.442],[0,0],[0,0]],"v":[[-28.481,41.349],[37.456,22.516],[33.077,-34.946],[-6.56,-39.123],[-2.151,-3.271],[-30.108,12.904],[-22.886,22.554],[-28.609,40.97]],"c":false}]},{"i":{"x":0.667,"y":1},"o":{"x":0.333,"y":0},"t":57.967,"s":[{"i":[[0,0],[-0.79,17.032],[0,0],[5.067,-8.452],[0,0],[-23.505,-10.06],[0,0],[-17.036,2.289]],"o":[[16.026,-0.94],[0.877,-18.914],[0,0],[-10.811,18.033],[0,0],[13.215,5.656],[0,0],[0,0]],"v":[[8.623,68.604],[29.437,11.818],[32.334,-34.948],[-2.83,-39.343],[-17.603,2.421],[-36.091,58.768],[-12.622,52.624],[5.23,69.118]],"c":false}]},{"t":93.388671875,"s":[{"i":[[0,0],[0.084,11.395],[0,0],[-2.259,-9.592],[0,0],[-16.015,-5.956],[0,0],[-11.298,2.079]],"o":[[10.668,-1.146],[-0.109,-14.651],[0,0],[4.614,19.595],[0,0],[9.004,3.349],[0,0],[0,0]],"v":[[23.81,39.644],[35.568,9.472],[28.39,-33.023],[-7.736,-38.98],[1.323,2.693],[-6.355,34.523],[6.933,31.163],[21.562,40.097]],"c":false}]}],"ix":2},"nm":"Path 1","mn":"ADBE Vector Shape - Group","hd":false},{"ty":"gf","o":{"a":0,"k":100,"ix":10},"r":1,"bm":0,"g":{"p":3,"k":{"a":0,"k":[0,0.992,0.537,0.008,0.5,0.935,0.425,0.004,1,0.878,0.314,0],"ix":9}},"s":{"a":0,"k":[3.857,0.803],"ix":5},"e":{"a":0,"k":[10.696,-21.18],"ix":6},"t":1,"nm":"Gradient Fill 1","mn":"ADBE Vector Graphic - G-Fill","hd":false},{"ty":"tr","p":{"a":0,"k":[226.143,421.197],"ix":2},"a":{"a":0,"k":[0,0],"ix":1},"s":{"a":0,"k":[100,100],"ix":3},"r":{"a":0,"k":0,"ix":6},"o":{"a":0,"k":100,"ix":7},"sk":{"a":0,"k":0,"ix":4},"sa":{"a":0,"k":0,"ix":5},"nm":"Transform"}],"nm":"Group 3","np":2,"cix":2,"bm":0,"ix":3,"mn":"ADBE Vector Group","hd":false}],"ip":0,"op":180,"st":0,"bm":0},{"ddd":0,"ind":13,"ty":4,"nm":"Right Leg","parent":1,"sr":1,"ks":{"o":{"a":0,"k":100,"ix":11},"r":{"a":1,"k":[{"i":{"x":[0.667],"y":[1]},"o":{"x":[0.167],"y":[0]},"t":0,"s":[0]},{"i":{"x":[0.667],"y":[1]},"o":{"x":[0.333],"y":[0]},"t":11.271,"s":[108]},{"i":{"x":[0.667],"y":[1]},"o":{"x":[0.333],"y":[0]},"t":46.695,"s":[124]},{"i":{"x":[0.667],"y":[1]},"o":{"x":[0.333],"y":[0]},"t":57.967,"s":[124]},{"i":{"x":[0.667],"y":[1]},"o":{"x":[0.167],"y":[0]},"t":69.238,"s":[14]},{"t":93.388671875,"s":[0]}],"ix":10},"p":{"a":1,"k":[{"i":{"x":0.667,"y":1},"o":{"x":0.167,"y":0},"t":0,"s":[23.572,-118.777,0],"to":[0,0,0],"ti":[0,0,0]},{"i":{"x":0.667,"y":1},"o":{"x":0.333,"y":0},"t":11.271,"s":[-11.497,-63.717,0],"to":[0,0,0],"ti":[0,0,0]},{"i":{"x":0.667,"y":1},"o":{"x":0.333,"y":0},"t":46.695,"s":[-14.782,-70.527,0],"to":[0,0,0],"ti":[0,0,0]},{"i":{"x":0.667,"y":1},"o":{"x":0.333,"y":0},"t":57.967,"s":[-15.823,-66.681,0],"to":[0,0,0],"ti":[0,0,0]},{"i":{"x":0.667,"y":1},"o":{"x":0.167,"y":0},"t":69.238,"s":[10.195,-103.68,0],"to":[0,0,0],"ti":[0,0,0]},{"t":93.388671875,"s":[23.572,-118.777,0]}],"ix":2,"l":2},"a":{"a":0,"k":[381.343,348.107,0],"ix":1,"l":2},"s":{"a":0,"k":[100,100,100],"ix":6,"l":2}},"ao":0,"shapes":[{"ty":"gr","it":[{"ind":0,"ty":"sh","ix":1,"ks":{"a":1,"k":[{"i":{"x":0.667,"y":1},"o":{"x":0.167,"y":0},"t":0,"s":[{"i":[[0,0],[0.741,-1.305]],"o":[[0,0],[0,0]],"v":[[9.083,0.262],[7.318,1.995]],"c":false}]},{"i":{"x":0.667,"y":1},"o":{"x":0.333,"y":0},"t":11.271,"s":[{"i":[[0,0],[1.389,-0.889]],"o":[[0,0],[0,0]],"v":[[-5.07,-1.092],[-7.669,-0.316]],"c":false}]},{"i":{"x":0.667,"y":1},"o":{"x":0.333,"y":0},"t":46.695,"s":[{"i":[[0,0],[0.588,-1.074]],"o":[[0,0],[0,0]],"v":[[-21.181,-18.468],[-22.597,-17.037]],"c":false}]},{"i":{"x":0.667,"y":1},"o":{"x":0.333,"y":0},"t":57.967,"s":[{"i":[[0,0],[0.588,-1.074]],"o":[[0,0],[0,0]],"v":[[-21.181,-18.468],[-22.597,-17.037]],"c":false}]},{"i":{"x":0.667,"y":1},"o":{"x":0.167,"y":0},"t":69.238,"s":[{"i":[[0,0],[0.614,-1.081]],"o":[[0,0],[0,0]],"v":[[-4.67,3.236],[-6.133,4.672]],"c":false}]},{"t":93.388671875,"s":[{"i":[[0,0],[0.741,-1.305]],"o":[[0,0],[0,0]],"v":[[9.083,0.262],[7.318,1.995]],"c":false}]}],"ix":2},"nm":"Path 1","mn":"ADBE Vector Shape - Group","hd":false},{"ty":"st","c":{"a":0,"k":[1,0.694117665291,0.392156869173,1],"ix":3},"o":{"a":0,"k":100,"ix":4},"w":{"a":0,"k":8,"ix":5},"lc":2,"lj":2,"bm":0,"nm":"Stroke 1","mn":"ADBE Vector Graphic - Stroke","hd":false},{"ty":"tr","p":{"a":0,"k":[451.162,339.74],"ix":2},"a":{"a":0,"k":[0,0],"ix":1},"s":{"a":0,"k":[100,100],"ix":3},"r":{"a":0,"k":0,"ix":6},"o":{"a":0,"k":100,"ix":7},"sk":{"a":0,"k":0,"ix":4},"sa":{"a":0,"k":0,"ix":5},"nm":"Transform"}],"nm":"Group 1","np":2,"cix":2,"bm":0,"ix":1,"mn":"ADBE Vector Group","hd":false},{"ty":"gr","it":[{"ind":0,"ty":"sh","ix":1,"ks":{"a":1,"k":[{"i":{"x":0.667,"y":1},"o":{"x":0.167,"y":0},"t":0,"s":[{"i":[[0,0],[2.217,-4.319]],"o":[[0,0],[0,0]],"v":[[10.248,-1.979],[5.283,3.938]],"c":false}]},{"i":{"x":0.667,"y":1},"o":{"x":0.333,"y":0},"t":11.271,"s":[{"i":[[0,0],[3.832,-2.715]],"o":[[0,0],[0,0]],"v":[[6.431,-15.361],[-0.947,-12.829]],"c":false}]},{"i":{"x":0.667,"y":1},"o":{"x":0.333,"y":0},"t":46.695,"s":[{"i":[[0,0],[0.941,-3.358]],"o":[[0,0],[0,0]],"v":[[-13.99,-23.881],[-17.062,-18.971]],"c":false}]},{"i":{"x":0.667,"y":1},"o":{"x":0.333,"y":0},"t":57.967,"s":[{"i":[[0,0],[0.941,-3.358]],"o":[[0,0],[0,0]],"v":[[-13.99,-23.881],[-17.062,-18.971]],"c":false}]},{"i":{"x":0.667,"y":1},"o":{"x":0.167,"y":0},"t":69.238,"s":[{"i":[[0,0],[1.836,-3.577]],"o":[[0,0],[0,0]],"v":[[-0.222,2.575],[-4.333,7.475]],"c":false}]},{"t":93.388671875,"s":[{"i":[[0,0],[2.217,-4.319]],"o":[[0,0],[0,0]],"v":[[10.248,-1.979],[5.283,3.938]],"c":false}]}],"ix":2},"nm":"Path 1","mn":"ADBE Vector Shape - Group","hd":false},{"ty":"st","c":{"a":0,"k":[1,0.694117665291,0.392156869173,1],"ix":3},"o":{"a":0,"k":100,"ix":4},"w":{"a":0,"k":8,"ix":5},"lc":2,"lj":2,"bm":0,"nm":"Stroke 1","mn":"ADBE Vector Graphic - Stroke","hd":false},{"ty":"tr","p":{"a":0,"k":[430.887,332.789],"ix":2},"a":{"a":0,"k":[0,0],"ix":1},"s":{"a":0,"k":[100,100],"ix":3},"r":{"a":0,"k":0,"ix":6},"o":{"a":0,"k":100,"ix":7},"sk":{"a":0,"k":0,"ix":4},"sa":{"a":0,"k":0,"ix":5},"nm":"Transform"}],"nm":"Group 2","np":2,"cix":2,"bm":0,"ix":2,"mn":"ADBE Vector Group","hd":false},{"ty":"gr","it":[{"ind":0,"ty":"sh","ix":1,"ks":{"a":1,"k":[{"i":{"x":0.667,"y":1},"o":{"x":0.167,"y":0},"t":0,"s":[{"i":[[15.636,3.332],[10.2,8.516],[0,0],[-23.41,-8.243],[-14.008,-2.763],[0,0],[9.104,-22.826]],"o":[[-10.267,-2.188],[-10.2,-8.516],[0,0],[0,0],[10.339,2.039],[10.816,-6.62],[-5.699,14.287]],"v":[[13.383,36.129],[-47.748,8.003],[-37.375,-34.039],[4.712,-11.753],[27.247,-33.306],[36.64,-21.395],[56.688,-3.202]],"c":true}]},{"i":{"x":0.667,"y":1},"o":{"x":0.333,"y":0},"t":11.271,"s":[{"i":[[3.96,-1.9],[19.416,-7.652],[0,0],[-28.834,12.575],[-10.89,-19.29],[0,0],[3.83,-8.539]],"o":[[-5.489,2.633],[-14.59,5.749],[0,0],[0,0],[5.7,10.096],[10.913,2.38],[-8.388,18.704]],"v":[[1.262,7.759],[-48.708,22.405],[-55.874,-12.011],[-12.913,-34.468],[38.801,-49.697],[34.197,-30.583],[53.838,-8.692]],"c":true}]},{"i":{"x":0.667,"y":1},"o":{"x":0.333,"y":0},"t":46.695,"s":[{"i":[[7.046,-3.187],[14.84,-14.312],[0,0],[-24.841,6.487],[-13.933,-12.777],[0,0],[-3.497,-7.332]],"o":[[-5.139,2.324],[-9.565,9.224],[0,0],[0,0],[6.344,5.818],[6.794,-1.837],[7.562,15.857]],"v":[[2.968,-2.138],[-41.958,24.836],[-45.832,-16.098],[-16.155,-30.5],[9.851,-54.746],[12.638,-40.711],[27.85,-33.509]],"c":true}]},{"i":{"x":0.667,"y":1},"o":{"x":0.333,"y":0},"t":57.967,"s":[{"i":[[7.046,-3.187],[14.84,-14.312],[0,0],[-24.841,6.487],[-13.933,-12.776],[0,0],[-3.497,-7.332]],"o":[[-5.139,2.324],[-9.565,9.224],[0,0],[0,0],[6.344,5.818],[6.794,-1.837],[7.562,15.857]],"v":[[2.968,-2.138],[-41.958,24.836],[-45.832,-16.098],[-16.155,-30.5],[9.851,-54.746],[12.638,-40.711],[27.85,-33.509]],"c":true}]},{"i":{"x":0.667,"y":1},"o":{"x":0.167,"y":0},"t":69.238,"s":[{"i":[[12.948,2.76],[10.2,8.516],[0,0],[-19.387,-6.827],[-11.6,-2.288],[0,0],[7.54,-18.903]],"o":[[-8.502,-1.812],[-10.2,-8.516],[0,0],[0,0],[8.562,1.689],[8.957,-5.482],[-4.719,11.832]],"v":[[4.703,30.469],[-47.748,8.003],[-37.375,-34.039],[-2.478,-9.183],[16.184,-27.031],[23.963,-17.168],[40.565,-2.102]],"c":true}]},{"t":93.388671875,"s":[{"i":[[15.636,3.332],[10.2,8.516],[0,0],[-23.41,-8.243],[-14.008,-2.763],[0,0],[9.104,-22.826]],"o":[[-10.267,-2.188],[-10.2,-8.516],[0,0],[0,0],[10.339,2.039],[10.816,-6.62],[-5.699,14.287]],"v":[[13.383,36.129],[-47.748,8.003],[-37.375,-34.039],[4.712,-11.753],[27.247,-33.306],[36.64,-21.395],[56.688,-3.202]],"c":true}]}],"ix":2},"nm":"Path 1","mn":"ADBE Vector Shape - Group","hd":false},{"ty":"gf","o":{"a":0,"k":100,"ix":10},"r":1,"bm":0,"g":{"p":3,"k":{"a":0,"k":[0,0.992,0.537,0.008,0.5,0.935,0.425,0.004,1,0.878,0.314,0],"ix":9}},"s":{"a":0,"k":[-2.152,-4.21],"ix":5},"e":{"a":0,"k":[-38.931,-14.884],"ix":6},"t":1,"nm":"Gradient Fill 1","mn":"ADBE Vector Graphic - G-Fill","hd":false},{"ty":"tr","p":{"a":0,"k":[417.343,354.107],"ix":2},"a":{"a":0,"k":[0,0],"ix":1},"s":{"a":0,"k":[100,100],"ix":3},"r":{"a":0,"k":0,"ix":6},"o":{"a":0,"k":100,"ix":7},"sk":{"a":0,"k":0,"ix":4},"sa":{"a":0,"k":0,"ix":5},"nm":"Transform"}],"nm":"Group 3","np":2,"cix":2,"bm":0,"ix":3,"mn":"ADBE Vector Group","hd":false}],"ip":0,"op":180,"st":0,"bm":0},{"ddd":0,"ind":14,"ty":3,"nm":"Primary Null 1","sr":1,"ks":{"o":{"a":0,"k":0,"ix":11},"r":{"a":0,"k":0,"ix":10},"p":{"a":0,"k":[178,302,0],"ix":2,"l":2},"a":{"a":0,"k":[50,50,0],"ix":1,"l":2},"s":{"a":0,"k":[63,63,100],"ix":6,"l":2}},"ao":0,"ip":0,"op":180,"st":0,"bm":0}],"markers":[]}